 ID,Date,Level(m),SYM
03NE002,2011-05-17,1.534,A
03NE002,2011-05-18,1.531,
03NE002,2011-05-19,1.524,
03NE002,2011-05-20,1.515,
03NE002,2011-05-21,1.507,
03NE002,2011-05-22,1.5,
03NE002,2011-05-23,1.505,
03NE002,2011-05-24,1.503,
03NE002,2011-05-25,1.5039999,
03NE002,2011-05-26,1.505,
03NE002,2011-05-27,1.511,
03NE002,2011-05-28,1.517,
03NE002,2011-05-29,1.5319999,
03NE002,2011-05-30,1.5420001,
03NE002,2011-05-31,1.544,
03NE002,2011-06-01,1.544,
03NE002,2011-06-02,1.569,
03NE002,2011-06-03,1.5930001,
03NE002,2011-06-04,1.6,
03NE002,2011-06-05,1.596,
03NE002,2011-06-06,1.605,
03NE002,2011-06-07,1.6109999,
03NE002,2011-06-08,1.614,
03NE002,2011-06-09,1.628,
03NE002,2011-06-10,1.645,
03NE002,2011-06-11,1.63,
03NE002,2011-06-12,1.613,
03NE002,2011-06-13,1.594,
03NE002,2011-06-14,1.576,
03NE002,2011-06-15,1.561,
03NE002,2011-06-16,1.58,
03NE002,2011-06-17,1.612,
03NE002,2011-06-18,1.603,
03NE002,2011-06-19,1.5880001,
03NE002,2011-06-20,1.576,
03NE002,2011-06-21,1.564,
03NE002,2011-06-22,1.55,
03NE002,2011-06-23,1.5369999,
03NE002,2011-06-24,1.525,
03NE002,2011-06-25,1.5140001,
03NE002,2011-06-26,1.505,
03NE002,2011-06-27,1.5039999,
03NE002,2011-06-28,1.499,
03NE002,2011-06-29,1.49,
03NE002,2011-06-30,1.484,
03NE002,2011-07-01,1.484,
03NE002,2011-07-02,1.48,
03NE002,2011-07-03,1.473,
03NE002,2011-07-04,1.4680001,
03NE002,2011-07-05,1.4680001,
03NE002,2011-07-06,1.469,
03NE002,2011-07-07,1.472,
03NE002,2011-07-08,1.466,
03NE002,2011-07-09,1.461,
03NE002,2011-07-10,1.483,
03NE002,2011-07-11,1.4960001,
03NE002,2011-07-12,1.494,
03NE002,2011-07-13,1.49,
03NE002,2011-07-14,1.484,
03NE002,2011-07-15,1.474,
03NE002,2011-07-16,1.4680001,
03NE002,2011-07-17,1.462,
03NE002,2011-07-18,1.46,
03NE002,2011-07-19,1.459,
03NE002,2011-07-20,1.454,
03NE002,2011-07-21,1.447,
03NE002,2011-07-22,1.4400001,
03NE002,2011-07-23,1.434,
03NE002,2011-07-24,1.426,
03NE002,2011-07-25,1.42,
03NE002,2011-07-26,1.415,
03NE002,2011-07-27,1.41,
03NE002,2011-07-28,1.405,
03NE002,2011-07-29,1.4,
03NE002,2011-07-30,1.395,
03NE002,2011-07-31,1.3890001,
03NE002,2011-08-01,1.385,
03NE002,2011-08-02,1.38,
03NE002,2011-08-03,1.376,
03NE002,2011-08-04,1.37,
03NE002,2011-08-05,1.365,
03NE002,2011-08-06,1.363,
03NE002,2011-08-07,1.373,
03NE002,2011-08-08,1.372,
03NE002,2011-08-09,1.372,
03NE002,2011-08-10,1.3710001,
03NE002,2011-08-11,1.368,
03NE002,2011-08-12,1.365,
03NE002,2011-08-13,1.364,
03NE002,2011-08-14,1.368,
03NE002,2011-08-15,1.367,
03NE002,2011-08-16,1.365,
03NE002,2011-08-17,1.3609999,
03NE002,2011-08-18,1.358,
03NE002,2011-08-19,1.357,
03NE002,2011-08-20,1.353,
03NE002,2011-08-21,1.354,
03NE002,2011-08-22,1.364,
03NE002,2011-08-23,1.37,
03NE002,2011-08-24,1.369,
03NE002,2011-08-25,1.365,
03NE002,2011-08-26,1.363,
03NE002,2011-08-27,1.3609999,
03NE002,2011-08-28,1.357,
03NE002,2011-08-29,1.357,
03NE002,2011-08-30,1.373,
03NE002,2011-08-31,1.374,
03NE002,2011-09-01,1.3710001,
03NE002,2011-09-02,1.368,
03NE002,2011-09-03,1.357,
03NE002,2011-09-04,1.3559999,
03NE002,2011-09-05,1.357,
03NE002,2011-09-06,1.354,
03NE002,2011-09-07,1.348,
03NE002,2011-09-08,1.342,
03NE002,2011-09-09,1.345,
03NE002,2011-09-10,1.34,
03NE002,2011-09-11,1.34,
03NE002,2011-09-12,1.332,
03NE002,2011-09-13,1.332,
03NE002,2011-09-14,1.341,
03NE002,2011-09-15,1.341,
03NE002,2011-09-16,1.3660001,
03NE002,2011-09-17,1.413,
03NE002,2011-09-18,1.414,
03NE002,2011-09-19,1.414,
03NE002,2011-09-20,1.416,
03NE002,2011-09-21,1.415,
03NE002,2011-09-22,1.415,
03NE002,2011-09-23,1.413,
03NE002,2011-09-24,1.409,
03NE002,2011-09-25,1.401,
03NE002,2011-09-26,1.401,
03NE002,2011-09-27,1.398,
03NE002,2011-09-28,1.396,
03NE002,2011-09-29,1.391,
03NE002,2011-09-30,1.398,
03NE002,2011-10-01,1.411,
03NE002,2011-10-02,1.4119999,
03NE002,2011-10-03,1.408,
03NE002,2011-10-04,1.4069999,
03NE002,2011-10-05,1.405,A
03NE002,2011-10-06,1.404,
03NE002,2011-10-07,1.4,
03NE002,2011-10-08,1.398,
03NE002,2011-10-09,1.4,
03NE002,2011-10-10,1.406,
03NE002,2011-10-11,1.403,
03NE002,2011-10-12,1.401,
03NE002,2011-10-13,1.403,
03NE002,2011-10-14,1.402,
03NE002,2011-10-15,1.402,
03NE002,2011-10-16,1.411,
03NE002,2011-10-17,1.415,
03NE002,2011-10-18,1.421,
03NE002,2011-10-19,1.42,
03NE002,2011-10-20,1.418,
03NE002,2011-10-21,1.4170001,
03NE002,2011-10-22,1.415,
03NE002,2011-10-23,1.4119999,
03NE002,2011-10-24,1.409,
03NE002,2011-10-25,1.406,
03NE002,2011-10-26,1.408,
03NE002,2011-10-27,1.408,
03NE002,2011-10-28,1.406,
03NE002,2011-10-29,1.403,
03NE002,2011-10-30,1.4,
03NE002,2011-10-31,1.398,
03NE002,2011-11-01,1.393,
03NE002,2011-11-02,1.39,
03NE002,2011-11-03,1.3890001,
03NE002,2011-11-04,1.387,
03NE002,2011-11-05,1.3839999,
03NE002,2011-11-06,1.381,
03NE002,2011-11-07,1.378,
03NE002,2011-11-08,1.376,
03NE002,2011-11-09,1.373,
03NE002,2011-11-10,1.3710001,
03NE002,2011-11-11,1.3710001,
03NE002,2011-11-12,1.376,
03NE002,2011-11-13,1.376,
03NE002,2011-11-14,1.375,
03NE002,2011-11-15,1.375,
03NE002,2011-11-16,1.373,
03NE002,2011-11-17,1.372,
03NE002,2011-11-18,1.386,
03NE002,2011-11-19,1.525,
03NE002,2011-11-20,1.618,A
03NE002,2011-11-21,1.618,
03NE002,2011-11-22,1.654,
03NE002,2011-11-23,1.729,
03NE002,2011-11-24,1.771,
03NE002,2011-11-25,1.7309999,
03NE002,2011-11-26,1.636,
03NE002,2011-11-27,1.603,
03NE002,2011-11-28,1.521,
03NE002,2011-11-29,1.4349999,
03NE002,2011-11-30,1.396,
03NE002,2011-12-01,1.35,
03NE002,2011-12-02,1.321,
03NE002,2011-12-03,1.306,
03NE002,2011-12-04,1.304,
03NE002,2011-12-05,1.301,
03NE002,2011-12-06,1.2920001,
03NE002,2011-12-07,1.279,
03NE002,2011-12-08,1.277,
03NE002,2011-12-09,1.263,
03NE002,2011-12-10,1.219,
03NE002,2011-12-11,1.2029999,
03NE002,2011-12-12,1.197,
03NE002,2011-12-13,1.192,
03NE002,2011-12-14,1.191,
03NE002,2011-12-15,1.193,
03NE002,2011-12-16,1.192,
03NE002,2011-12-17,1.1900001,
03NE002,2011-12-18,1.187,
03NE002,2011-12-19,1.182,
03NE002,2011-12-20,1.181,
03NE002,2011-12-21,1.182,
03NE002,2011-12-22,1.1849999,
03NE002,2011-12-23,1.183,
03NE002,2011-12-24,1.179,
03NE002,2011-12-25,1.179,
03NE002,2011-12-26,1.182,
03NE002,2011-12-27,1.181,
03NE002,2011-12-28,1.181,
03NE002,2011-12-29,1.184,
03NE002,2011-12-30,1.188,
03NE002,2011-12-31,1.186,
03NE002,2012-01-01,1.186,
03NE002,2012-01-02,1.186,
03NE002,2012-01-03,1.188,
03NE002,2012-01-04,1.1849999,
03NE002,2012-01-05,1.1849999,
03NE002,2012-01-06,1.186,
03NE002,2012-01-07,1.184,A
03NE002,2012-01-08,1.182,
03NE002,2012-01-09,1.1799999,
03NE002,2012-01-10,1.184,
03NE002,2012-01-11,1.179,
03NE002,2012-01-12,1.173,
03NE002,2012-01-13,1.178,
03NE002,2012-01-14,1.179,
03NE002,2012-01-15,1.178,
03NE002,2012-01-16,1.176,
03NE002,2012-01-17,1.176,
03NE002,2012-01-18,1.178,
03NE002,2012-01-19,1.1799999,A
03NE002,2012-01-20,1.176,
03NE002,2012-01-21,1.177,
03NE002,2012-01-22,1.179,
03NE002,2012-01-23,1.177,
03NE002,2012-01-24,1.177,
03NE002,2012-01-25,1.178,
03NE002,2012-01-26,1.1799999,
03NE002,2012-01-27,1.179,
03NE002,2012-01-28,1.177,
03NE002,2012-01-29,1.179,
03NE002,2012-01-30,1.181,
03NE002,2012-01-31,1.1799999,
03NE002,2012-02-01,1.179,
03NE002,2012-02-02,1.179,
03NE002,2012-02-03,1.178,A
03NE002,2012-02-04,1.175,
03NE002,2012-02-05,1.175,
03NE002,2012-02-06,1.174,
03NE002,2012-02-07,1.173,
03NE002,2012-02-08,1.174,
03NE002,2012-02-09,1.171,
03NE002,2012-02-10,1.171,
03NE002,2012-02-11,1.1720001,
03NE002,2012-02-12,1.17,
03NE002,2012-02-13,1.174,
03NE002,2012-02-14,1.175,
03NE002,2012-02-15,1.174,
03NE002,2012-02-16,1.175,
03NE002,2012-02-17,1.175,
03NE002,2012-02-18,1.178,
03NE002,2012-02-19,1.177,
03NE002,2012-02-20,1.177,
03NE002,2012-02-21,1.177,
03NE002,2012-02-22,1.178,
03NE002,2012-02-23,1.181,
03NE002,2012-02-24,1.178,
03NE002,2012-02-25,1.179,
03NE002,2012-02-26,1.179,
03NE002,2012-02-27,1.177,
03NE002,2012-02-28,1.175,
03NE002,2012-02-29,1.175,
03NE002,2012-03-01,1.175,
03NE002,2012-03-02,1.175,
03NE002,2012-03-03,1.175,
03NE002,2012-03-04,1.173,
03NE002,2012-03-05,1.173,
03NE002,2012-03-06,1.173,
03NE002,2012-03-07,1.173,
03NE002,2012-03-08,1.175,
03NE002,2012-03-09,1.174,
03NE002,2012-03-10,1.1720001,
03NE002,2012-03-11,1.171,
03NE002,2012-03-12,1.173,
03NE002,2012-03-13,1.174,
03NE002,2012-03-14,1.173,
03NE002,2012-03-15,1.174,
03NE002,2012-03-16,1.176,
03NE002,2012-03-17,1.174,
03NE002,2012-03-18,1.174,
03NE002,2012-03-19,1.174,
03NE002,2012-03-20,1.175,
03NE002,2012-03-21,1.173,
03NE002,2012-03-22,1.176,
03NE002,2012-03-23,1.175,
03NE002,2012-03-24,1.173,
03NE002,2012-03-25,1.173,
03NE002,2012-03-26,1.173,
03NE002,2012-03-27,1.173,
03NE002,2012-03-28,1.1720001,
03NE002,2012-03-29,1.1720001,
03NE002,2012-03-30,1.175,
03NE002,2012-03-31,1.174,
03NE002,2012-04-01,1.173,
03NE002,2012-04-02,1.175,
03NE002,2012-04-03,1.175,
03NE002,2012-04-04,1.175,
03NE002,2012-04-05,1.175,
03NE002,2012-04-06,1.175,
03NE002,2012-04-07,1.179,
03NE002,2012-04-08,1.1950001,
03NE002,2012-04-09,1.184,
03NE002,2012-04-10,1.178,
03NE002,2012-04-11,1.177,
03NE002,2012-04-12,1.177,
03NE002,2012-04-13,1.179,
03NE002,2012-04-14,1.182,
03NE002,2012-04-15,1.181,
03NE002,2012-04-16,1.179,
03NE002,2012-04-17,1.177,
03NE002,2012-04-18,1.177,
03NE002,2012-04-19,1.181,
03NE002,2012-04-20,1.1799999,
03NE002,2012-04-21,1.176,
03NE002,2012-04-22,1.178,
03NE002,2012-04-23,1.188,
03NE002,2012-04-24,1.1849999,
03NE002,2012-04-25,1.205,
03NE002,2012-04-26,1.226,
03NE002,2012-04-27,1.2640001,
03NE002,2012-04-28,1.296,
03NE002,2012-04-29,1.275,
03NE002,2012-04-30,1.273,
03NE002,2012-05-01,1.27,
03NE002,2012-05-02,1.277,
03NE002,2012-05-03,1.309,
03NE002,2012-05-04,1.561,
03NE002,2012-05-05,1.675,
03NE002,2012-05-06,1.581,
03NE002,2012-05-07,1.339,
03NE002,2012-05-08,1.325,
03NE002,2012-05-09,1.51,
03NE002,2012-05-10,1.994,
03NE002,2012-05-11,1.753,
03NE002,2012-05-12,1.584,
03NE002,2012-05-13,1.568,
03NE002,2012-05-14,1.561,
03NE002,2012-05-15,1.5599999,
03NE002,2012-05-16,1.5779999,
03NE002,2012-05-17,1.612,
03NE002,2012-05-18,1.6390001,
03NE002,2012-05-19,1.642,
03NE002,2012-05-20,1.6339999,
03NE002,2012-05-21,1.624,
03NE002,2012-05-22,1.627,
03NE002,2012-05-23,1.64,
03NE002,2012-05-24,1.638,
03NE002,2012-05-25,1.649,
03NE002,2012-05-26,1.693,
03NE002,2012-05-27,1.6849999,
03NE002,2012-05-28,1.652,
03NE002,2012-05-29,1.624,
03NE002,2012-05-30,1.603,
03NE002,2012-05-31,1.586,
03NE002,2012-06-01,1.575,
03NE002,2012-06-02,1.5650001,
03NE002,2012-06-03,1.5599999,
03NE002,2012-06-04,1.5549999,
03NE002,2012-06-05,1.549,
03NE002,2012-06-06,1.5420001,
03NE002,2012-06-07,1.534,
03NE002,2012-06-08,1.526,
03NE002,2012-06-09,1.518,
03NE002,2012-06-10,1.5089999,
03NE002,2012-06-11,1.502,
03NE002,2012-06-12,1.495,
03NE002,2012-06-13,1.487,
03NE002,2012-06-14,1.4809999,
03NE002,2012-06-15,1.474,
03NE002,2012-06-16,1.466,
03NE002,2012-06-17,1.4579999,
03NE002,2012-06-18,1.451,
03NE002,2012-06-19,1.444,
03NE002,2012-06-20,1.438,
03NE002,2012-06-21,1.437,
03NE002,2012-06-22,1.433,
03NE002,2012-06-23,1.427,
03NE002,2012-06-24,1.423,
03NE002,2012-06-25,1.42,
03NE002,2012-06-26,1.415,
03NE002,2012-06-27,1.409,
03NE002,2012-06-28,1.419,
03NE002,2012-06-29,1.423,
03NE002,2012-06-30,1.421,
03NE002,2012-07-01,1.4170001,
03NE002,2012-07-02,1.413,
03NE002,2012-07-03,1.415,
03NE002,2012-07-04,1.416,
03NE002,2012-07-05,1.451,
03NE002,2012-07-06,1.456,
03NE002,2012-07-07,1.455,
03NE002,2012-07-08,1.4630001,
03NE002,2012-07-09,1.476,
03NE002,2012-07-10,1.4910001,
03NE002,2012-07-11,1.494,
03NE002,2012-07-12,1.493,
03NE002,2012-07-13,1.489,
03NE002,2012-07-14,1.484,
03NE002,2012-07-15,1.478,
03NE002,2012-07-16,1.485,
03NE002,2012-07-17,1.4809999,
03NE002,2012-07-18,1.476,
03NE002,2012-07-19,1.471,
03NE002,2012-07-20,1.464,
03NE002,2012-07-21,1.456,
03NE002,2012-07-22,1.45,
03NE002,2012-07-23,1.442,
03NE002,2012-07-24,1.441,
03NE002,2012-07-25,1.442,
03NE002,2012-07-26,1.438,
03NE002,2012-07-27,1.432,
03NE002,2012-07-28,1.426,
03NE002,2012-07-29,1.419,
03NE002,2012-07-30,1.413,
03NE002,2012-07-31,1.413,
03NE002,2012-08-01,1.416,
03NE002,2012-08-02,1.419,
03NE002,2012-08-03,1.426,
03NE002,2012-08-04,1.432,
03NE002,2012-08-05,1.432,
03NE002,2012-08-06,1.4529999,
03NE002,2012-08-07,1.4910001,
03NE002,2012-08-08,1.4960001,A
03NE002,2012-08-09,1.495,
03NE002,2012-08-10,1.4910001,
03NE002,2012-08-11,1.4859999,
03NE002,2012-08-12,1.482,
03NE002,2012-08-13,1.475,
03NE002,2012-08-14,1.469,
03NE002,2012-08-15,1.461,
03NE002,2012-08-16,1.4529999,
03NE002,2012-08-17,1.446,
03NE002,2012-08-18,1.441,
03NE002,2012-08-19,1.436,
03NE002,2012-08-20,1.432,
03NE002,2012-08-21,1.426,
03NE002,2012-08-22,1.423,
03NE002,2012-08-23,1.42,
03NE002,2012-08-24,1.416,
03NE002,2012-08-25,1.414,
03NE002,2012-08-26,1.41,
03NE002,2012-08-27,1.406,
03NE002,2012-08-28,1.401,
03NE002,2012-08-29,1.4,
03NE002,2012-08-30,1.402,
03NE002,2012-08-31,1.399,
03NE002,2012-09-01,1.392,
03NE002,2012-09-02,1.387,
03NE002,2012-09-03,1.383,
03NE002,2012-09-04,1.38,
03NE002,2012-09-05,1.376,
03NE002,2012-09-06,1.3710001,
03NE002,2012-09-07,1.367,
03NE002,2012-09-08,1.368,
03NE002,2012-09-09,1.368,
03NE002,2012-09-10,1.362,
03NE002,2012-09-11,1.3609999,
03NE002,2012-09-12,1.359,
03NE002,2012-09-13,1.35,
03NE002,2012-09-14,1.349,
03NE002,2012-09-15,1.351,
03NE002,2012-09-16,1.35,
03NE002,2012-09-17,1.364,
03NE002,2012-09-18,1.369,
03NE002,2012-09-19,1.3710001,
03NE002,2012-09-20,1.359,
03NE002,2012-09-21,1.369,
03NE002,2012-09-22,1.367,
03NE002,2012-09-23,1.3660001,
03NE002,2012-09-24,1.365,
03NE002,2012-09-25,1.3660001,
03NE002,2012-09-26,1.362,
03NE002,2012-09-27,1.3660001,
03NE002,2012-09-28,1.376,
03NE002,2012-09-29,1.374,
03NE002,2012-09-30,1.372,
03NE002,2012-10-01,1.3710001,
03NE002,2012-10-02,1.372,
03NE002,2012-10-03,1.383,
03NE002,2012-10-04,1.383,
03NE002,2012-10-05,1.382,
03NE002,2012-10-06,1.3890001,
03NE002,2012-10-07,1.391,
03NE002,2012-10-08,1.39,
03NE002,2012-10-09,1.388,
03NE002,2012-10-10,1.388,
03NE002,2012-10-11,1.408,A
03NE002,2012-10-12,1.45,
03NE002,2012-10-13,1.448,
03NE002,2012-10-14,1.45,
03NE002,2012-10-15,1.466,A
03NE002,2012-10-16,1.4529999,
03NE002,2012-10-17,1.461,
03NE002,2012-10-18,1.4680001,
03NE002,2012-10-19,1.4680001,
03NE002,2012-10-20,1.466,A
03NE002,2012-10-21,1.466,
03NE002,2012-10-22,1.476,A
03NE002,2012-10-23,1.48,
03NE002,2012-10-24,1.4809999,
03NE002,2012-10-25,1.477,
03NE002,2012-10-26,1.474,
03NE002,2012-10-27,1.471,A
03NE002,2012-10-28,1.467,
03NE002,2012-10-29,1.4630001,
03NE002,2012-10-30,1.459,
03NE002,2012-10-31,1.457,
03NE002,2012-11-01,1.461,
03NE002,2012-11-02,1.46,A
03NE002,2012-11-03,1.46,
03NE002,2012-11-04,1.46,
03NE002,2012-11-05,1.4579999,
03NE002,2012-11-06,1.455,
03NE002,2012-11-07,1.45,
03NE002,2012-11-08,1.47,
03NE002,2012-11-09,1.441,
03NE002,2012-11-10,1.4400001,
03NE002,2012-11-11,1.523,A
03NE002,2012-11-12,1.619,
03NE002,2012-11-13,1.4299999,
03NE002,2012-11-14,1.425,
03NE002,2012-11-15,1.42,
03NE002,2012-11-16,1.4170001,
03NE002,2012-11-17,1.525,A
03NE002,2012-11-18,1.709,
03NE002,2012-11-19,1.649,A
03NE002,2012-11-20,1.409,
03NE002,2012-11-21,1.395,A
03NE002,2012-11-22,1.3890001,
03NE002,2012-11-23,1.387,
03NE002,2012-11-24,1.385,
03NE002,2012-11-25,1.385,
03NE002,2012-11-26,1.391,
03NE002,2012-11-27,1.515,
03NE002,2012-11-28,1.619,
03NE002,2012-11-29,1.7359999,
03NE002,2012-11-30,1.747,
03NE002,2012-12-01,1.813,
03NE002,2012-12-02,1.77,
03NE002,2012-12-03,1.686,
03NE002,2012-12-04,1.511,
03NE002,2012-12-05,1.4299999,
03NE002,2012-12-06,1.397,
03NE002,2012-12-07,1.369,
03NE002,2012-12-08,1.352,
03NE002,2012-12-09,1.341,
03NE002,2012-12-10,1.335,
03NE002,2012-12-11,1.331,
03NE002,2012-12-12,1.33,
03NE002,2012-12-13,1.327,
03NE002,2012-12-14,1.318,
03NE002,2012-12-15,1.312,
03NE002,2012-12-16,1.309,
03NE002,2012-12-17,1.3049999,
03NE002,2012-12-18,1.302,
03NE002,2012-12-19,1.298,
03NE002,2012-12-20,1.295,
03NE002,2012-12-21,1.295,
03NE002,2012-12-22,1.293,
03NE002,2012-12-23,1.298,
03NE002,2012-12-24,1.3,
03NE002,2012-12-25,1.304,
03NE002,2012-12-26,1.306,
03NE002,2012-12-27,1.3049999,
03NE002,2012-12-28,1.302,
03NE002,2012-12-29,1.303,
03NE002,2012-12-30,1.3,
03NE002,2012-12-31,1.303,
03NE002,2013-01-01,1.306,
03NE002,2013-01-02,1.308,
03NE002,2013-01-03,1.307,
03NE002,2013-01-04,1.304,A
03NE002,2013-01-05,1.3,A
03NE002,2013-01-06,1.293,
03NE002,2013-01-07,1.2869999,
03NE002,2013-01-08,1.278,
03NE002,2013-01-09,1.27,
03NE002,2013-01-10,1.266,
03NE002,2013-01-11,1.265,
03NE002,2013-01-12,1.261,A
03NE002,2013-01-13,1.265,A
03NE002,2013-01-14,1.268,
03NE002,2013-01-15,1.2690001,A
03NE002,2013-01-16,1.2690001,
03NE002,2013-01-17,1.268,A
03NE002,2013-01-18,1.263,
03NE002,2013-01-19,1.2589999,
03NE002,2013-01-20,1.258,
03NE002,2013-01-21,1.255,A
03NE002,2013-01-22,1.253,A
03NE002,2013-01-23,1.252,
03NE002,2013-01-24,1.251,
03NE002,2013-01-25,1.25,
03NE002,2013-01-26,1.25,
03NE002,2013-01-27,1.25,
03NE002,2013-01-28,1.248,
03NE002,2013-01-29,1.2460001,A
03NE002,2013-01-30,1.242,A
03NE002,2013-01-31,1.2410001,
03NE002,2013-02-01,1.243,
03NE002,2013-02-02,1.244,A
03NE002,2013-02-03,1.245,
03NE002,2013-02-04,1.244,
03NE002,2013-02-05,1.249,
03NE002,2013-02-06,1.247,A
03NE002,2013-02-07,1.248,
03NE002,2013-02-08,1.25,
03NE002,2013-02-09,1.252,A
03NE002,2013-02-10,1.252,A
03NE002,2013-06-02,1.5700001,A
03NE002,2013-06-03,1.568,
03NE002,2013-06-04,1.569,
03NE002,2013-06-05,1.573,
03NE002,2013-06-06,1.577,
03NE002,2013-06-07,1.58,
03NE002,2013-06-08,1.586,
03NE002,2013-06-09,1.604,
03NE002,2013-06-10,1.6210001,
03NE002,2013-06-11,1.63,
03NE002,2013-06-12,1.636,
03NE002,2013-06-13,1.637,
03NE002,2013-06-14,1.636,
03NE002,2013-06-15,1.6289999,
03NE002,2013-06-16,1.619,
03NE002,2013-06-17,1.612,
03NE002,2013-06-18,1.603,
03NE002,2013-06-19,1.594,
03NE002,2013-06-20,1.585,
03NE002,2013-06-21,1.575,A
03NE002,2013-06-22,1.568,
03NE002,2013-06-23,1.559,
03NE002,2013-06-24,1.549,
03NE002,2013-06-25,1.5369999,
03NE002,2013-06-26,1.526,
03NE002,2013-06-27,1.517,
03NE002,2013-06-28,1.507,
03NE002,2013-06-29,1.498,
03NE002,2013-06-30,1.489,
03NE002,2013-07-01,1.485,
03NE002,2013-07-02,1.479,
03NE002,2013-07-03,1.472,
03NE002,2013-07-04,1.472,
03NE002,2013-07-05,1.477,
03NE002,2013-07-06,1.474,
03NE002,2013-07-07,1.469,
03NE002,2013-07-08,1.464,
03NE002,2013-07-09,1.4579999,
03NE002,2013-07-10,1.4529999,
03NE002,2013-07-11,1.4529999,A
03NE002,2013-07-12,1.449,
03NE002,2013-07-13,1.4450001,
03NE002,2013-07-14,1.441,
03NE002,2013-07-15,1.446,
03NE002,2013-07-16,1.444,
03NE002,2013-07-17,1.442,
03NE002,2013-07-18,1.437,
03NE002,2013-07-19,1.436,
03NE002,2013-07-20,1.441,
03NE002,2013-07-21,1.439,
03NE002,2013-07-22,1.4349999,
03NE002,2013-07-23,1.431,
03NE002,2013-07-24,1.437,
03NE002,2013-07-25,1.449,A
03NE002,2013-07-26,1.446,
03NE002,2013-07-27,1.443,
03NE002,2013-07-28,1.439,
03NE002,2013-07-29,1.434,
03NE002,2013-07-30,1.429,
03NE002,2013-07-31,1.425,
03NE002,2013-08-01,1.425,
03NE002,2013-08-02,1.4220001,
03NE002,2013-08-03,1.418,
03NE002,2013-08-04,1.415,
03NE002,2013-08-05,1.414,
03NE002,2013-08-06,1.4119999,
03NE002,2013-08-07,1.409,
03NE002,2013-08-08,1.405,
03NE002,2013-08-09,1.4,
03NE002,2013-08-10,1.399,
03NE002,2013-08-11,1.4,
03NE002,2013-08-12,1.4,
03NE002,2013-08-13,1.398,
03NE002,2013-08-14,1.395,
03NE002,2013-08-15,1.392,
03NE002,2013-08-16,1.387,
03NE002,2013-08-17,1.383,
03NE002,2013-08-18,1.378,
03NE002,2013-08-19,1.376,
03NE002,2013-08-20,1.372,
03NE002,2013-08-21,1.37,
03NE002,2013-08-22,1.369,
03NE002,2013-08-23,1.3660001,
03NE002,2013-08-24,1.362,A
03NE002,2013-08-25,1.359,
03NE002,2013-08-26,1.359,
03NE002,2013-08-27,1.36,
03NE002,2013-08-28,1.357,
03NE002,2013-08-29,1.354,
03NE002,2013-08-30,1.348,
03NE002,2013-08-31,1.345,
03NE002,2013-09-01,1.341,
03NE002,2013-09-02,1.3380001,A
03NE002,2013-09-03,1.336,
03NE002,2013-09-04,1.337,
03NE002,2013-09-05,1.337,
03NE002,2013-09-06,1.334,A
03NE002,2013-09-07,1.336,
03NE002,2013-09-08,1.3329999,
03NE002,2013-09-09,1.3329999,
03NE002,2013-09-10,1.326,
03NE002,2013-09-11,1.327,
03NE002,2013-09-12,1.326,
03NE002,2013-09-13,1.329,
03NE002,2013-09-14,1.331,
03NE002,2013-09-15,1.33,
03NE002,2013-09-16,1.323,
03NE002,2013-09-17,1.324,
03NE002,2013-09-18,1.3150001,
03NE002,2013-09-19,1.317,
03NE002,2013-09-20,1.3150001,
03NE002,2013-09-21,1.319,
03NE002,2013-09-22,1.324,
03NE002,2013-09-23,1.332,
03NE002,2013-09-24,1.334,
03NE002,2013-09-25,1.332,
03NE002,2013-09-26,1.331,
03NE002,2013-09-27,1.3279999,
03NE002,2013-09-28,1.3279999,
03NE002,2013-09-29,1.3279999,
03NE002,2013-09-30,1.325,
03NE002,2013-10-01,1.329,
03NE002,2013-10-02,1.329,
03NE002,2013-10-03,1.337,A
03NE002,2013-10-04,1.3430001,
03NE002,2013-10-05,1.345,
03NE002,2013-10-06,1.348,
03NE002,2013-10-07,1.351,
03NE002,2013-10-08,1.35,
03NE002,2013-10-09,1.345,
03NE002,2013-10-10,1.345,
03NE002,2013-10-11,1.344,A
03NE002,2013-10-12,1.341,
03NE002,2013-10-13,1.341,
03NE002,2013-10-14,1.339,
03NE002,2013-10-15,1.3380001,
03NE002,2013-10-16,1.337,
03NE002,2013-10-17,1.336,
03NE002,2013-10-18,1.335,
03NE002,2013-10-19,1.336,
03NE002,2013-10-20,1.3380001,
03NE002,2013-10-21,1.3380001,A
03NE002,2013-10-22,1.3380001,
03NE002,2013-10-23,1.341,
03NE002,2013-10-24,1.345,
03NE002,2013-10-25,1.344,
03NE002,2013-10-26,1.3430001,
03NE002,2013-10-27,1.342,
03NE002,2013-10-28,1.341,
03NE002,2013-10-29,1.34,
03NE002,2013-10-30,1.367,
03NE002,2013-10-31,1.358,
03NE002,2013-11-01,1.337,
03NE002,2013-11-02,1.344,
03NE002,2013-11-03,1.345,
03NE002,2013-11-04,1.385,A
03NE002,2013-11-05,1.402,
03NE002,2013-11-06,1.3710001,
03NE002,2013-11-07,1.342,
03NE002,2013-11-08,1.341,
03NE002,2013-11-09,1.341,
03NE002,2013-11-10,1.378,
03NE002,2013-11-11,1.365,
03NE002,2013-11-12,1.439,
03NE002,2013-11-13,1.385,A
03NE002,2013-11-14,1.416,
03NE002,2013-11-15,1.39,
03NE002,2013-11-16,1.372,
03NE002,2013-11-17,1.3609999,
03NE002,2013-11-18,1.3430001,
03NE002,2013-11-19,1.33,
03NE002,2013-11-20,1.3279999,
03NE002,2013-11-21,1.363,
03NE002,2013-11-22,1.386,A
03NE002,2013-11-23,1.354,
03NE002,2013-11-24,1.352,
03NE002,2013-11-25,1.383,
03NE002,2013-11-26,1.3660001,
03NE002,2013-11-27,1.369,
03NE002,2013-11-28,1.373,
03NE002,2013-11-29,1.388,
03NE002,2013-11-30,1.385,A
03NE002,2013-12-01,1.375,
03NE002,2013-12-02,1.38,A
03NE002,2013-12-03,1.409,A
03NE002,2013-12-04,1.36,A
03NE002,2013-12-05,1.373,A
03NE002,2013-12-06,1.3789999,
03NE002,2013-12-07,1.377,
03NE002,2013-12-08,1.342,A
03NE002,2013-12-09,1.3380001,
03NE002,2013-12-10,1.335,A
03NE002,2013-12-11,1.335,A
03NE002,2013-12-12,1.329,A
03NE002,2013-12-13,1.33,A
03NE002,2013-12-14,1.309,
03NE002,2013-12-15,1.3,A
03NE002,2013-12-16,1.289,
03NE002,2013-12-17,1.276,
03NE002,2013-12-18,1.266,A
03NE002,2013-12-19,1.255,
03NE002,2013-12-20,1.2460001,A
03NE002,2013-12-21,1.2309999,
03NE002,2013-12-22,1.217,
03NE002,2013-12-23,1.205,A
03NE002,2013-12-24,1.199,A
03NE002,2013-12-25,1.196,A
03NE002,2013-12-26,1.1950001,A
03NE002,2013-12-27,1.192,A
03NE002,2013-12-28,1.1900001,A
03NE002,2013-12-29,1.1900001,A
03NE002,2013-12-30,1.1900001,A
03NE002,2013-12-31,1.194,
03NE002,2014-01-01,1.1900001,
03NE002,2014-01-02,1.189,
03NE002,2014-01-03,1.194,
03NE002,2014-01-04,1.198,A
03NE002,2014-01-05,1.198,
03NE002,2014-01-06,1.197,
03NE002,2014-01-07,1.201,
03NE002,2014-01-08,1.199,A
03NE002,2014-01-09,1.197,
03NE002,2014-01-10,1.196,
03NE002,2014-01-11,1.192,
03NE002,2014-01-12,1.194,
03NE002,2014-01-13,1.201,
03NE002,2014-01-14,1.2,
03NE002,2014-01-15,1.199,
03NE002,2014-01-16,1.194,
03NE002,2014-01-17,1.194,
03NE002,2014-01-18,1.196,
03NE002,2014-01-19,1.196,
03NE002,2014-01-20,1.197,
03NE002,2014-01-21,1.2,
03NE002,2014-01-22,1.197,
03NE002,2014-01-23,1.196,A
03NE002,2014-01-24,1.194,
03NE002,2014-01-25,1.192,
03NE002,2014-01-26,1.1950001,
03NE002,2014-01-27,1.196,
03NE002,2014-01-28,1.194,
03NE002,2014-01-29,1.194,
03NE002,2014-01-30,1.194,
03NE002,2014-01-31,1.1950001,A
03NE002,2014-02-01,1.194,
03NE002,2014-02-02,1.192,
03NE002,2014-02-03,1.192,
03NE002,2014-02-04,1.191,
03NE002,2014-02-05,1.191,
03NE002,2014-02-06,1.1900001,A
03NE002,2014-03-29,1.175,A
03NE002,2014-03-30,1.173,A
03NE002,2014-03-31,1.1720001,A
03NE002,2014-04-01,1.173,A
03NE002,2014-04-02,1.1720001,A
03NE002,2014-04-03,1.173,
03NE002,2014-04-04,1.173,
03NE002,2014-04-05,1.1720001,
03NE002,2014-04-06,1.173,
03NE002,2014-04-07,1.173,
03NE002,2014-04-08,1.173,
03NE002,2014-04-09,1.174,
03NE002,2014-04-10,1.1720001,A
03NE002,2014-04-11,1.174,
03NE002,2014-04-12,1.173,A
03NE002,2014-04-13,1.1720001,A
03NE002,2014-04-14,1.171,
03NE002,2014-04-15,1.174,
03NE002,2014-04-16,1.174,
03NE002,2014-04-17,1.171,A
03NE002,2014-04-18,1.174,
03NE002,2014-04-19,1.173,A
03NE002,2014-04-20,1.174,A
03NE002,2014-04-21,1.181,
03NE002,2014-04-22,1.193,A
03NE002,2014-04-23,1.181,
03NE002,2014-04-24,1.177,
03NE002,2014-04-25,1.176,
03NE002,2014-04-26,1.179,
03NE002,2014-04-27,1.183,
03NE002,2014-04-28,1.177,
03NE002,2014-04-29,1.175,A
03NE002,2014-04-30,1.178,
03NE002,2014-05-01,1.192,
03NE002,2014-05-02,1.2,
03NE002,2014-05-03,1.207,
03NE002,2014-05-04,1.228,
03NE002,2014-05-05,1.229,
03NE002,2014-05-06,1.233,
03NE002,2014-05-07,1.262,
03NE002,2014-05-08,1.257,
03NE002,2014-05-09,1.24,
03NE002,2014-05-10,1.243,
03NE002,2014-05-11,1.2410001,
03NE002,2014-05-12,1.298,
03NE002,2014-05-13,1.39,
03NE002,2014-05-14,1.5650001,
03NE002,2014-05-15,1.737,
03NE002,2014-05-16,2.075,
03NE002,2014-05-17,2.049,
03NE002,2014-05-18,1.939,
03NE002,2014-05-19,1.7079999,
03NE002,2014-05-20,1.7589999,
03NE002,2014-05-21,1.716,
03NE002,2014-05-22,1.677,
03NE002,2014-05-23,1.699,
03NE002,2014-05-24,1.701,
03NE002,2014-05-25,1.687,
03NE002,2014-05-26,1.668,
03NE002,2014-05-27,1.648,
03NE002,2014-05-28,1.645,
03NE002,2014-05-29,1.664,
03NE002,2014-05-30,1.669,
03NE002,2014-05-31,1.663,
03NE002,2014-06-01,1.65,
03NE002,2014-06-02,1.65,
03NE002,2014-06-03,1.656,
03NE002,2014-06-04,1.646,
03NE002,2014-06-05,1.641,
03NE002,2014-06-06,1.63,
03NE002,2014-06-07,1.613,
03NE002,2014-06-08,1.596,
03NE002,2014-06-09,1.58,
03NE002,2014-06-10,1.592,
03NE002,2014-06-11,1.622,
03NE002,2014-06-12,1.618,
03NE002,2014-06-13,1.601,
03NE002,2014-06-14,1.5829999,
03NE002,2014-06-15,1.573,
03NE002,2014-06-16,1.5650001,
03NE002,2014-06-17,1.5549999,
03NE002,2014-06-18,1.545,
03NE002,2014-06-19,1.535,
03NE002,2014-06-20,1.526,
03NE002,2014-06-21,1.517,
03NE002,2014-06-22,1.508,
03NE002,2014-06-23,1.498,
03NE002,2014-06-24,1.494,
03NE002,2014-06-25,1.488,
03NE002,2014-06-26,1.4809999,
03NE002,2014-06-27,1.473,
03NE002,2014-06-28,1.464,
03NE002,2014-06-29,1.456,
03NE002,2014-06-30,1.4529999,
03NE002,2014-07-01,1.4529999,
03NE002,2014-07-02,1.455,
03NE002,2014-07-03,1.4529999,
03NE002,2014-07-04,1.446,
03NE002,2014-07-05,1.442,
03NE002,2014-07-06,1.443,
03NE002,2014-07-07,1.473,
03NE002,2014-07-08,1.471,
03NE002,2014-07-09,1.47,
03NE002,2014-07-10,1.479,
03NE002,2014-07-11,1.477,
03NE002,2014-07-12,1.475,
03NE002,2014-07-13,1.472,
03NE002,2014-07-14,1.4680001,
03NE002,2014-07-15,1.48,
03NE002,2014-07-16,1.48,
03NE002,2014-07-17,1.4809999,
03NE002,2014-07-18,1.48,
03NE002,2014-07-19,1.475,
03NE002,2014-07-20,1.469,
03NE002,2014-07-21,1.462,
03NE002,2014-07-22,1.4579999,
03NE002,2014-07-23,1.461,
03NE002,2014-07-24,1.474,
03NE002,2014-07-25,1.474,
03NE002,2014-07-26,1.471,
03NE002,2014-07-27,1.4680001,
03NE002,2014-07-28,1.476,
03NE002,2014-07-29,1.4960001,
03NE002,2014-07-30,1.512,
03NE002,2014-07-31,1.511,
03NE002,2014-08-01,1.506,
03NE002,2014-08-02,1.5039999,
03NE002,2014-08-03,1.503,
03NE002,2014-08-04,1.499,
03NE002,2014-08-05,1.493,
03NE002,2014-08-06,1.487,
03NE002,2014-08-07,1.4809999,
03NE002,2014-08-08,1.475,
03NE002,2014-08-09,1.467,
03NE002,2014-08-10,1.459,
03NE002,2014-08-11,1.452,
03NE002,2014-08-12,1.4450001,
03NE002,2014-08-13,1.438,
03NE002,2014-08-14,1.431,
03NE002,2014-08-15,1.424,
03NE002,2014-08-16,1.418,
03NE002,2014-08-17,1.411,
03NE002,2014-08-18,1.405,
03NE002,2014-08-19,1.399,
03NE002,2014-08-20,1.3940001,
03NE002,2014-08-21,1.3890001,
03NE002,2014-08-22,1.3839999,
03NE002,2014-08-23,1.378,
03NE002,2014-08-24,1.372,
03NE002,2014-08-25,1.3710001,
03NE002,2014-08-26,1.374,
03NE002,2014-08-27,1.382,
03NE002,2014-08-28,1.3789999,
03NE002,2014-08-29,1.374,
03NE002,2014-08-30,1.369,
03NE002,2014-08-31,1.364,
03NE002,2014-09-01,1.362,
03NE002,2014-09-02,1.3609999,
03NE002,2014-09-03,1.357,
03NE002,2014-09-04,1.35,
03NE002,2014-09-05,1.349,
03NE002,2014-09-06,1.365,
03NE002,2014-09-07,1.368,
03NE002,2014-09-08,1.3660001,
03NE002,2014-09-09,1.363,
03NE002,2014-09-10,1.37,
03NE002,2014-09-11,1.373,
03NE002,2014-09-12,1.386,
03NE002,2014-09-13,1.3890001,
03NE002,2014-09-14,1.3890001,
03NE002,2014-09-15,1.3890001,
03NE002,2014-09-16,1.386,
03NE002,2014-09-17,1.382,
03NE002,2014-09-18,1.374,
03NE002,2014-09-19,1.376,
03NE002,2014-09-20,1.374,
03NE002,2014-09-21,1.373,
03NE002,2014-09-22,1.373,
03NE002,2014-09-23,1.385,
03NE002,2014-09-24,1.391,
03NE002,2014-09-25,1.396,
03NE002,2014-09-26,1.401,
03NE002,2014-09-27,1.401,
03NE002,2014-09-28,1.402,
03NE002,2014-09-29,1.397,
03NE002,2014-09-30,1.395,
03NE002,2014-10-01,1.393,
03NE002,2014-10-02,1.393,
03NE002,2014-10-03,1.391,
03NE002,2014-10-04,1.3890001,
03NE002,2014-10-05,1.387,
03NE002,2014-10-06,1.386,A
03NE002,2014-10-07,1.386,A
03NE002,2014-10-08,1.387,
03NE002,2014-10-09,1.39,
03NE002,2014-10-10,1.39,A
03NE002,2014-10-11,1.387,A
03NE002,2014-10-12,1.386,
03NE002,2014-10-13,1.3839999,
03NE002,2014-10-14,1.382,A
03NE002,2014-10-15,1.382,A
03NE002,2014-10-16,1.38,A
03NE002,2014-10-17,1.38,
03NE002,2014-10-18,1.3890001,A
03NE002,2014-10-21,1.442,A
03NE002,2014-10-22,1.4400001,
03NE002,2014-10-23,1.439,
03NE002,2014-10-24,1.439,
03NE002,2014-10-25,1.438,A
03NE002,2015-04-13,1.222,A
03NE002,2015-04-14,1.252,
03NE002,2015-04-15,1.252,
03NE002,2015-04-16,1.206,
03NE002,2015-04-17,1.215,
03NE002,2015-04-18,1.216,
03NE002,2015-04-19,1.21,
03NE002,2015-04-20,1.215,
03NE002,2015-04-21,1.222,
03NE002,2015-04-22,1.249,
03NE002,2015-04-23,1.26,
03NE002,2015-04-24,1.277,
03NE002,2015-04-25,1.294,
03NE002,2015-04-26,1.267,
03NE002,2015-04-27,1.256,
03NE002,2015-04-28,1.277,
03NE002,2015-04-29,1.309,
03NE002,2015-04-30,1.3329999,
03NE002,2015-05-01,1.341,
03NE002,2015-05-02,1.403,
03NE002,2015-05-03,1.771,
03NE002,2015-05-04,1.8049999,
03NE002,2015-05-05,1.64,
03NE002,2015-05-06,1.51,
03NE002,2015-05-07,1.508,
03NE002,2015-05-08,1.505,
03NE002,2015-05-09,1.505,
03NE002,2015-05-10,1.5039999,
03NE002,2015-05-11,1.498,
03NE002,2015-05-12,1.493,
03NE002,2015-05-13,1.4859999,
03NE002,2015-05-14,1.479,
03NE002,2015-05-15,1.472,
03NE002,2015-05-16,1.464,
03NE002,2015-05-17,1.464,
03NE002,2015-05-18,1.477,
03NE002,2015-05-19,1.483,
03NE002,2015-05-20,1.482,
03NE002,2015-05-21,1.482,
03NE002,2015-05-22,1.479,
03NE002,2015-05-23,1.479,
03NE002,2015-05-24,1.48,
03NE002,2015-05-25,1.483,
03NE002,2015-05-26,1.483,
03NE002,2015-05-27,1.484,
03NE002,2015-05-28,1.48,
03NE002,2015-05-29,1.475,
03NE002,2015-05-30,1.472,
03NE002,2015-05-31,1.467,
03NE002,2015-06-01,1.462,
03NE002,2015-06-02,1.4579999,
03NE002,2015-06-03,1.4529999,
03NE002,2015-06-04,1.449,
03NE002,2015-06-05,1.449,
03NE002,2015-06-06,1.454,
03NE002,2015-06-07,1.459,
03NE002,2015-06-08,1.457,
03NE002,2015-06-09,1.4529999,
03NE002,2015-06-10,1.449,
03NE002,2015-06-11,1.446,
03NE002,2015-06-12,1.444,
03NE002,2015-06-13,1.441,
03NE002,2015-06-14,1.436,
03NE002,2015-06-15,1.431,
03NE002,2015-06-16,1.426,
03NE002,2015-06-17,1.423,
03NE002,2015-06-18,1.4220001,
03NE002,2015-06-19,1.419,
03NE002,2015-06-20,1.4170001,
03NE002,2015-06-21,1.4119999,
03NE002,2015-06-22,1.408,
03NE002,2015-06-23,1.403,
03NE002,2015-06-24,1.399,
03NE002,2015-06-25,1.395,
03NE002,2015-06-26,1.39,
03NE002,2015-06-27,1.386,
03NE002,2015-06-28,1.383,
03NE002,2015-06-29,1.3789999,
03NE002,2015-06-30,1.378,
03NE002,2015-07-01,1.375,
03NE002,2015-07-02,1.374,
03NE002,2015-07-03,1.3890001,
03NE002,2015-07-04,1.408,
03NE002,2015-07-05,1.421,
03NE002,2015-07-06,1.426,
03NE002,2015-07-07,1.429,
03NE002,2015-07-08,1.464,
03NE002,2015-07-09,1.543,
03NE002,2015-07-10,1.569,
03NE002,2015-07-11,1.577,
03NE002,2015-07-12,1.572,
03NE002,2015-07-13,1.563,
03NE002,2015-07-14,1.556,
03NE002,2015-07-15,1.556,
03NE002,2015-07-16,1.546,
03NE002,2015-07-17,1.536,
03NE002,2015-07-18,1.526,
03NE002,2015-07-19,1.517,
03NE002,2015-07-20,1.506,
03NE002,2015-07-21,1.495,
03NE002,2015-07-22,1.485,
03NE002,2015-07-23,1.476,
03NE002,2015-07-24,1.467,
03NE002,2015-07-25,1.4579999,
03NE002,2015-07-26,1.448,
03NE002,2015-07-27,1.4400001,
03NE002,2015-07-28,1.433,
03NE002,2015-07-29,1.426,
03NE002,2015-07-30,1.465,
03NE002,2015-07-31,1.473,
03NE002,2015-08-01,1.473,
03NE002,2015-08-02,1.471,
03NE002,2015-08-03,1.467,
03NE002,2015-08-04,1.469,
03NE002,2015-08-05,1.482,
03NE002,2015-08-06,1.484,
03NE002,2015-08-07,1.48,
03NE002,2015-08-08,1.476,
03NE002,2015-08-09,1.469,
03NE002,2015-08-10,1.4630001,
03NE002,2015-08-11,1.459,
03NE002,2015-08-12,1.455,
03NE002,2015-08-13,1.449,
03NE002,2015-08-14,1.443,
03NE002,2015-08-15,1.4400001,
03NE002,2015-08-16,1.436,
03NE002,2015-08-17,1.4349999,
03NE002,2015-08-18,1.436,
03NE002,2015-08-19,1.436,A
03NE002,2015-08-23,1.4680001,A
03NE002,2015-08-24,1.466,
03NE002,2015-08-25,1.462,
03NE002,2015-08-26,1.4579999,
03NE002,2015-08-27,1.4529999,
03NE002,2015-08-28,1.448,
03NE002,2015-08-29,1.4450001,
03NE002,2015-08-30,1.4400001,
03NE002,2015-08-31,1.4349999,
03NE002,2015-09-01,1.429,
03NE002,2015-09-02,1.427,
03NE002,2015-09-03,1.428,
03NE002,2015-09-04,1.423,
03NE002,2015-09-05,1.4170001,
03NE002,2015-09-06,1.414,
03NE002,2015-09-07,1.41,
03NE002,2015-09-08,1.405,A
03NE002,2015-09-09,1.401,
03NE002,2015-09-10,1.397,
03NE002,2015-09-11,1.3940001,
03NE002,2015-09-12,1.391,
03NE002,2015-09-13,1.3890001,
03NE002,2015-09-14,1.386,
03NE002,2015-09-15,1.385,
03NE002,2015-09-16,1.385,
03NE002,2015-09-17,1.3839999,
03NE002,2015-09-18,1.383,A
03NE002,2015-09-19,1.392,
03NE002,2015-09-20,1.4119999,
03NE002,2015-09-21,1.419,
03NE002,2015-09-22,1.418,
03NE002,2015-09-23,1.415,
03NE002,2015-09-24,1.411,
03NE002,2015-09-25,1.411,
03NE002,2015-09-26,1.4069999,
03NE002,2015-09-27,1.408,
03NE002,2015-09-28,1.404,
03NE002,2015-09-29,1.402,
03NE002,2015-09-30,1.399,
03NE002,2015-10-01,1.396,A
03NE002,2015-10-02,1.392,A
03NE002,2015-10-03,1.388,
03NE002,2015-10-04,1.382,
03NE002,2015-10-05,1.38,
03NE002,2015-10-06,1.378,
03NE002,2015-10-07,1.375,
03NE002,2015-10-08,1.368,
03NE002,2015-10-09,1.365,
03NE002,2015-10-10,1.365,
03NE002,2015-10-11,1.358,
03NE002,2015-10-12,1.3559999,A
03NE002,2015-10-13,1.358,
03NE002,2015-10-14,1.367,
03NE002,2015-10-15,1.387,
03NE002,2015-10-16,1.387,
03NE002,2015-10-17,1.386,
03NE002,2015-10-18,1.385,
03NE002,2015-10-19,1.382,
03NE002,2015-10-20,1.381,
03NE002,2015-10-21,1.38,
03NE002,2015-10-22,1.377,
03NE002,2015-10-23,1.375,
03NE002,2015-10-24,1.373,
03NE002,2015-10-25,1.3710001,
03NE002,2015-10-26,1.375,
03NE002,2015-10-27,1.365,A
03NE002,2015-10-28,1.369,
03NE002,2015-10-29,1.359,
03NE002,2015-10-30,1.368,
03NE002,2015-10-31,1.369,
03NE002,2015-11-01,1.4960001,
03NE002,2015-11-02,1.5829999,
03NE002,2015-11-03,1.5880001,
03NE002,2015-11-04,1.499,A
03NE002,2015-11-05,1.41,A
03NE002,2015-11-06,1.4299999,
03NE002,2015-11-07,1.369,
03NE002,2015-11-08,1.368,
03NE002,2015-11-09,1.473,
03NE002,2015-11-10,1.558,
03NE002,2015-11-11,1.617,
03NE002,2015-11-12,1.6059999,
03NE002,2015-11-13,1.571,
03NE002,2015-11-14,1.474,
03NE002,2015-11-15,1.357,
03NE002,2015-11-16,1.353,
03NE002,2015-11-17,1.388,
03NE002,2015-11-18,1.3660001,
03NE002,2015-11-19,1.358,
03NE002,2015-11-20,1.355,
03NE002,2015-11-21,1.3609999,
03NE002,2015-11-22,1.386,
03NE002,2015-11-23,1.3609999,
03NE002,2015-11-24,1.418,
03NE002,2015-11-25,1.49,
03NE002,2015-11-26,1.4809999,
03NE002,2015-11-27,1.398,
03NE002,2015-11-28,1.3609999,
03NE002,2015-11-29,1.345,
03NE002,2015-11-30,1.3329999,
03NE002,2015-12-01,1.331,
03NE002,2015-12-02,1.337,
03NE002,2015-12-03,1.314,
03NE002,2015-12-04,1.299,
03NE002,2015-12-05,1.2970001,
03NE002,2015-12-06,1.284,
03NE002,2015-12-07,1.306,
03NE002,2015-12-08,1.3150001,
03NE002,2015-12-09,1.289,
03NE002,2015-12-10,1.2690001,
03NE002,2015-12-11,1.265,
03NE002,2015-12-12,1.2640001,
03NE002,2015-12-13,1.26,
03NE002,2015-12-14,1.256,
03NE002,2015-12-15,1.251,
03NE002,2015-12-16,1.2460001,
03NE002,2015-12-17,1.2359999,
03NE002,2015-12-18,1.226,
03NE002,2015-12-19,1.223,
03NE002,2015-12-20,1.2180001,
03NE002,2015-12-21,1.2130001,
03NE002,2015-12-22,1.2079999,
03NE002,2015-12-23,1.201,
03NE002,2015-12-24,1.193,
03NE002,2015-12-25,1.1950001,
03NE002,2015-12-26,1.191,
03NE002,2015-12-27,1.1849999,
03NE002,2015-12-28,1.1799999,
03NE002,2015-12-29,1.173,
03NE002,2015-12-30,1.171,
03NE002,2015-12-31,1.176,
03NE002,2016-01-01,1.176,
03NE002,2016-01-02,1.176,
03NE002,2016-01-03,1.176,
03NE002,2016-01-04,1.175,
03NE002,2016-01-05,1.1720001,
03NE002,2016-01-06,1.169,
03NE002,2016-01-07,1.17,
03NE002,2016-01-08,1.17,
03NE002,2016-01-09,1.166,
03NE002,2016-01-10,1.1670001,
03NE002,2016-01-11,1.169,
03NE002,2016-01-12,1.171,
03NE002,2016-01-13,1.166,
03NE002,2016-01-14,1.1670001,
03NE002,2016-01-15,1.169,
03NE002,2016-01-16,1.1670001,
03NE002,2016-01-17,1.1670001,
03NE002,2016-01-18,1.166,
03NE002,2016-01-19,1.166,
03NE002,2016-01-20,1.165,
03NE002,2016-01-21,1.163,
03NE002,2016-01-22,1.16,
03NE002,2016-01-23,1.158,
03NE002,2016-01-24,1.158,
03NE002,2016-01-25,1.156,
03NE002,2016-01-26,1.1569999,
03NE002,2016-01-27,1.155,
03NE002,2016-01-28,1.151,
03NE002,2016-01-29,1.151,
03NE002,2016-01-30,1.15,
03NE002,2016-01-31,1.15,
03NE002,2016-02-01,1.153,
03NE002,2016-02-02,1.151,
03NE002,2016-02-03,1.149,
03NE002,2016-02-04,1.148,
03NE002,2016-02-05,1.147,
03NE002,2016-02-06,1.146,
03NE002,2016-02-07,1.1440001,
03NE002,2016-02-08,1.142,
03NE002,2016-02-09,1.14,
03NE002,2016-02-10,1.14,
03NE002,2016-02-11,1.141,
03NE002,2016-02-12,1.138,
03NE002,2016-02-13,1.137,
03NE002,2016-02-14,1.1339999,
03NE002,2016-02-15,1.133,
03NE002,2016-02-16,1.132,
03NE002,2016-02-17,1.133,
03NE002,2016-02-18,1.1289999,
03NE002,2016-02-19,1.126,
03NE002,2016-02-20,1.124,
03NE002,2016-02-21,1.127,
03NE002,2016-02-22,1.122,
03NE002,2016-02-23,1.1210001,
03NE002,2016-02-24,1.119,
03NE002,2016-02-25,1.12,
03NE002,2016-02-26,1.123,
03NE002,2016-02-27,1.1210001,
03NE002,2016-02-28,1.119,
03NE002,2016-02-29,1.117,
03NE002,2016-03-01,1.1160001,
03NE002,2016-03-02,1.115,
03NE002,2016-03-03,1.1160001,
03NE002,2016-03-04,1.1160001,
03NE002,2016-03-05,1.114,
03NE002,2016-03-06,1.114,
03NE002,2016-03-07,1.113,
03NE002,2016-03-08,1.112,
03NE002,2016-03-09,1.11,
03NE002,2016-03-10,1.109,
03NE002,2016-03-11,1.109,
03NE002,2016-03-12,1.107,
03NE002,2016-03-13,1.107,A
03NE002,2016-03-14,1.1059999,
03NE002,2016-03-15,1.108,
03NE002,2016-03-16,1.108,
03NE002,2016-03-17,1.107,
03NE002,2016-03-18,1.1059999,
03NE002,2016-03-19,1.105,
03NE002,2016-03-20,1.105,
03NE002,2016-03-21,1.1059999,
03NE002,2016-03-22,1.107,
03NE002,2016-03-23,1.1059999,
03NE002,2016-03-24,1.104,
03NE002,2016-03-25,1.102,
03NE002,2016-03-26,1.102,
03NE002,2016-03-27,1.105,
03NE002,2016-03-28,1.105,
03NE002,2016-03-29,1.104,
03NE002,2016-03-30,1.1059999,
03NE002,2016-03-31,1.119,
03NE002,2016-04-01,1.105,
03NE002,2016-04-02,1.107,
03NE002,2016-04-03,1.104,
03NE002,2016-04-04,1.105,
03NE002,2016-04-05,1.103,
03NE002,2016-04-06,1.102,
03NE002,2016-04-07,1.103,
03NE002,2016-04-08,1.102,
03NE002,2016-04-09,1.105,
03NE002,2016-04-10,1.11,
03NE002,2016-04-11,1.108,
03NE002,2016-04-12,1.1059999,
03NE002,2016-04-13,1.124,
03NE002,2016-04-14,1.136,
03NE002,2016-04-15,1.15,
03NE002,2016-04-16,1.206,
03NE002,2016-04-17,1.303,
03NE002,2016-04-18,1.138,
03NE002,2016-04-19,1.127,
03NE002,2016-04-20,1.137,
03NE002,2016-04-21,1.217,
03NE002,2016-04-22,1.327,
03NE002,2016-04-23,1.4299999,
03NE002,2016-04-24,1.397,
03NE002,2016-04-25,1.239,
03NE002,2016-04-26,1.17,
03NE002,2016-04-27,1.1569999,
03NE002,2016-04-28,1.153,
03NE002,2016-04-29,1.169,
03NE002,2016-04-30,1.23,
03NE002,2016-05-01,1.344,
03NE002,2016-05-02,1.3609999,
03NE002,2016-05-03,1.427,
03NE002,2016-05-04,1.682,
03NE002,2016-05-05,1.955,
03NE002,2016-05-06,2.1689999,
03NE002,2016-05-07,2.1229999,
03NE002,2016-05-08,2.027,
03NE002,2016-05-09,1.9910001,
03NE002,2016-05-10,1.9960001,
03NE002,2016-05-11,2.1440001,
03NE002,2016-05-12,2.0079999,
03NE002,2016-05-13,1.806,
03NE002,2016-05-14,1.626,
03NE002,2016-05-15,1.63,
03NE002,2016-05-16,1.637,
03NE002,2016-05-17,1.638,
03NE002,2016-05-18,1.64,
03NE002,2016-05-19,1.6720001,
03NE002,2016-05-20,1.711,
03NE002,2016-05-21,1.706,
03NE002,2016-05-22,1.676,
03NE002,2016-05-23,1.651,
03NE002,2016-05-24,1.654,
03NE002,2016-05-25,1.676,
03NE002,2016-05-26,1.663,
03NE002,2016-05-27,1.635,
03NE002,2016-05-28,1.614,
03NE002,2016-05-29,1.6,
03NE002,2016-05-30,1.5930001,
03NE002,2016-05-31,1.581,
03NE002,2016-06-01,1.568,
03NE002,2016-06-02,1.556,
03NE002,2016-06-03,1.546,
03NE002,2016-06-04,1.5369999,
03NE002,2016-06-05,1.527,
03NE002,2016-06-06,1.518,
03NE002,2016-06-07,1.512,
03NE002,2016-06-08,1.512,
03NE002,2016-06-09,1.517,
03NE002,2016-06-10,1.516,
03NE002,2016-06-11,1.516,
03NE002,2016-06-12,1.513,
03NE002,2016-06-13,1.507,
03NE002,2016-06-14,1.503,
03NE002,2016-06-15,1.497,
03NE002,2016-06-16,1.4910001,
03NE002,2016-06-17,1.484,
03NE002,2016-06-18,1.478,
03NE002,2016-06-19,1.472,
03NE002,2016-06-20,1.469,
03NE002,2016-06-21,1.47,
03NE002,2016-06-22,1.466,
03NE002,2016-06-23,1.46,
03NE002,2016-06-24,1.455,
03NE002,2016-06-25,1.449,
03NE002,2016-06-26,1.444,
03NE002,2016-06-27,1.442,
03NE002,2016-06-28,1.4400001,
03NE002,2016-06-29,1.434,
03NE002,2016-06-30,1.429,
03NE002,2016-07-01,1.424,
03NE002,2016-07-02,1.418,
03NE002,2016-07-03,1.413,
03NE002,2016-07-04,1.428,
03NE002,2016-07-05,1.432,
03NE002,2016-07-06,1.4299999,
03NE002,2016-07-07,1.427,
03NE002,2016-07-08,1.423,
03NE002,2016-07-09,1.419,
03NE002,2016-07-10,1.415,
03NE002,2016-07-11,1.41,
03NE002,2016-07-12,1.405,
03NE002,2016-07-13,1.4,
03NE002,2016-07-14,1.402,
03NE002,2016-07-15,1.41,
03NE002,2016-07-16,1.4069999,
03NE002,2016-07-17,1.403,
03NE002,2016-07-18,1.398,
03NE002,2016-07-19,1.393,
03NE002,2016-07-20,1.3890001,
03NE002,2016-07-21,1.387,
03NE002,2016-07-22,1.383,
03NE002,2016-07-23,1.3789999,
03NE002,2016-07-24,1.374,
03NE002,2016-07-25,1.37,
03NE002,2016-07-26,1.368,
03NE002,2016-07-27,1.367,
03NE002,2016-07-28,1.3660001,
03NE002,2016-07-29,1.3710001,
03NE002,2016-07-30,1.3710001,
03NE002,2016-07-31,1.369,
03NE002,2016-08-01,1.367,
03NE002,2016-08-02,1.3660001,
03NE002,2016-08-03,1.364,
03NE002,2016-08-04,1.36,
03NE002,2016-08-05,1.358,
03NE002,2016-08-06,1.359,
03NE002,2016-08-07,1.372,
03NE002,2016-08-08,1.378,
03NE002,2016-08-09,1.378,
03NE002,2016-08-10,1.377,
03NE002,2016-08-11,1.376,
03NE002,2016-08-12,1.383,
03NE002,2016-08-13,1.388,
03NE002,2016-08-14,1.386,
03NE002,2016-08-15,1.383,
03NE002,2016-08-16,1.38,
03NE002,2016-08-17,1.377,
03NE002,2016-08-18,1.374,
03NE002,2016-08-19,1.3710001,
03NE002,2016-08-20,1.367,
03NE002,2016-08-21,1.365,
03NE002,2016-08-22,1.362,
03NE002,2016-08-23,1.3940001,
03NE002,2016-08-24,1.406,
03NE002,2016-08-25,1.406,
03NE002,2016-08-26,1.406,
03NE002,2016-08-27,1.403,
03NE002,2016-08-28,1.4,
03NE002,2016-08-29,1.398,
03NE002,2016-08-30,1.3940001,
03NE002,2016-08-31,1.391,
03NE002,2016-09-01,1.388,
03NE002,2016-09-02,1.383,
03NE002,2016-09-03,1.38,
03NE002,2016-09-04,1.375,
03NE002,2016-09-05,1.367,
03NE002,2016-09-06,1.365,
03NE002,2016-09-07,1.363,
03NE002,2016-09-08,1.36,
03NE002,2016-09-09,1.3559999,
03NE002,2016-09-10,1.352,
03NE002,2016-09-11,1.352,
03NE002,2016-09-12,1.3660001,
03NE002,2016-09-13,1.365,
03NE002,2016-09-14,1.364,
03NE002,2016-09-15,1.362,
03NE002,2016-09-16,1.3609999,
03NE002,2016-09-17,1.352,
03NE002,2016-09-18,1.354,
03NE002,2016-09-19,1.352,
03NE002,2016-09-20,1.349,
03NE002,2016-09-21,1.347,
03NE002,2016-09-22,1.345,
03NE002,2016-09-23,1.342,
03NE002,2016-09-24,1.341,
03NE002,2016-09-25,1.34,
03NE002,2016-09-26,1.339,
03NE002,2016-09-27,1.339,
03NE002,2016-09-28,1.335,
03NE002,2016-09-29,1.332,
03NE002,2016-09-30,1.329,
03NE002,2016-10-01,1.322,
03NE002,2016-10-02,1.323,
03NE002,2016-10-03,1.318,
03NE002,2016-10-04,1.3150001,
03NE002,2016-10-05,1.3099999,
03NE002,2016-10-06,1.3099999,
03NE002,2016-10-07,1.3099999,
03NE002,2016-10-08,1.3099999,
03NE002,2016-10-09,1.313,
03NE002,2016-10-10,1.312,
03NE002,2016-10-11,1.311,
03NE002,2016-10-12,1.311,
03NE002,2016-10-13,1.308,
03NE002,2016-10-14,1.3150001,
03NE002,2016-10-15,1.318,
03NE002,2016-10-16,1.326,
03NE002,2016-10-17,1.336,
03NE002,2016-10-18,1.34,
03NE002,2016-10-19,1.3430001,A
03NE002,2016-10-20,1.348,A
03NE002,2016-10-21,1.348,
03NE002,2016-10-22,1.349,
03NE002,2016-10-23,1.349,A
03NE002,2016-10-25,1.386,
03NE002,2016-10-26,1.401,
03NE002,2016-10-27,1.363,
03NE002,2016-10-28,1.362,
03NE002,2016-10-29,1.354,
03NE002,2016-10-30,1.352,
03NE002,2016-10-31,1.349,
03NE002,2016-11-01,1.353,
03NE002,2016-11-02,1.344,
03NE002,2016-11-03,1.344,
03NE002,2016-11-04,1.341,
03NE002,2016-11-05,1.351,
03NE002,2016-11-06,1.415,A
03NE002,2016-11-07,1.3329999,
03NE002,2016-11-08,1.3329999,
03NE002,2016-11-09,1.346,
03NE002,2016-11-10,1.474,
03NE002,2016-11-11,1.471,
03NE002,2016-11-12,1.478,
03NE002,2016-11-13,1.467,
03NE002,2016-11-14,1.472,
03NE002,2016-11-15,1.4450001,
03NE002,2016-11-16,1.401,
03NE002,2016-11-17,1.334,
03NE002,2016-11-18,1.314,
03NE002,2016-11-19,1.311,
03NE002,2016-11-20,1.311,
03NE002,2016-11-21,1.314,
03NE002,2016-11-22,1.318,
03NE002,2016-11-23,1.3279999,
03NE002,2016-11-24,1.327,
03NE002,2016-11-25,1.323,
03NE002,2016-11-26,1.332,
03NE002,2016-11-27,1.325,A
03NE002,2016-11-28,1.319,
03NE002,2016-11-29,1.324,
03NE002,2016-11-30,1.313,
03NE002,2016-12-01,1.2970001,
03NE002,2016-12-02,1.299,A
03NE002,2016-12-03,1.309,A
03NE002,2016-12-04,1.2920001,
03NE002,2016-12-05,1.284,
03NE002,2016-12-06,1.276,
03NE002,2016-12-07,1.271,
03NE002,2016-12-08,1.251,
03NE002,2016-12-09,1.248,
03NE002,2016-12-10,1.251,
03NE002,2016-12-11,1.251,
03NE002,2016-12-12,1.248,
03NE002,2016-12-13,1.239,
03NE002,2016-12-14,1.228,
03NE002,2016-12-15,1.217,
03NE002,2016-12-16,1.2,
03NE002,2016-12-17,1.191,
03NE002,2016-12-18,1.177,
03NE002,2016-12-19,1.168,
03NE002,2016-12-20,1.155,
03NE002,2016-12-21,1.146,
03NE002,2016-12-22,1.1440001,
03NE002,2016-12-23,1.149,
03NE002,2016-12-24,1.15,
03NE002,2016-12-25,1.147,
03NE002,2016-12-26,1.149,
03NE002,2016-12-27,1.148,
03NE002,2016-12-28,1.142,
03NE002,2016-12-29,1.141,
03NE002,2016-12-30,1.141,
03NE002,2016-12-31,1.1619999,
03NE002,2017-01-01,1.158,
03NE002,2017-01-02,1.156,
03NE002,2017-01-03,1.155,
03NE002,2017-01-04,1.147,
03NE002,2017-01-05,1.148,
03NE002,2017-01-06,1.148,
03NE002,2017-01-07,1.152,
03NE002,2017-01-08,1.15,
03NE002,2017-01-09,1.149,
03NE002,2017-01-10,1.148,
03NE002,2017-01-11,1.146,
03NE002,2017-01-12,1.151,
03NE002,2017-01-13,1.148,
03NE002,2017-01-14,1.148,
03NE002,2017-01-15,1.145,
03NE002,2017-01-16,1.1440001,
03NE002,2017-01-17,1.146,
03NE002,2017-01-18,1.148,
03NE002,2017-01-19,1.152,
03NE002,2017-01-20,1.158,
03NE002,2017-01-21,1.168,
03NE002,2017-01-22,1.171,
03NE002,2017-01-23,1.1720001,
03NE002,2017-01-24,1.168,
03NE002,2017-01-25,1.156,
03NE002,2017-01-26,1.159,
03NE002,2017-01-27,1.168,
03NE002,2017-01-28,1.1720001,
03NE002,2017-01-29,1.17,
03NE002,2017-01-30,1.164,
03NE002,2017-01-31,1.161,
03NE002,2017-02-01,1.156,
03NE002,2017-02-02,1.156,
03NE002,2017-02-03,1.155,
03NE002,2017-02-04,1.153,
03NE002,2017-02-05,1.151,
03NE002,2017-02-06,1.149,
03NE002,2017-02-07,1.15,
03NE002,2017-02-08,1.151,
03NE002,2017-02-09,1.151,
03NE002,2017-02-10,1.15,
03NE002,2017-02-11,1.148,
03NE002,2017-02-12,1.1440001,
03NE002,2017-02-13,1.145,
03NE002,2017-02-14,1.147,
03NE002,2017-02-15,1.146,
03NE002,2017-02-16,1.15,
03NE002,2017-02-17,1.153,
03NE002,2017-02-18,1.155,
03NE002,2017-02-19,1.152,
03NE002,2017-02-20,1.15,
03NE002,2017-02-21,1.151,
03NE002,2017-02-22,1.152,
03NE002,2017-02-23,1.151,
03NE002,2017-02-24,1.152,
03NE002,2017-02-25,1.151,
03NE002,2017-02-26,1.154,
03NE002,2017-02-27,1.153,
03NE002,2017-02-28,1.15,
03NE002,2017-03-01,1.149,
03NE002,2017-03-02,1.147,
03NE002,2017-03-03,1.146,
03NE002,2017-03-04,1.147,
03NE002,2017-03-05,1.147,
03NE002,2017-03-06,1.147,
03NE002,2017-03-07,1.147,
03NE002,2017-03-08,1.147,
03NE002,2017-03-09,1.149,
03NE002,2017-03-10,1.15,
03NE002,2017-03-11,1.149,
03NE002,2017-03-12,1.148,
03NE002,2017-03-13,1.146,
03NE002,2017-03-14,1.146,
03NE002,2017-03-15,1.146,
03NE002,2017-03-16,1.146,
03NE002,2017-03-17,1.146,
03NE002,2017-03-18,1.147,
03NE002,2017-03-19,1.147,
03NE002,2017-03-20,1.148,
03NE002,2017-03-21,1.148,
03NE002,2017-03-22,1.143,
03NE002,2017-03-23,1.141,
03NE002,2017-03-24,1.142,
03NE002,2017-03-25,1.142,
03NE002,2017-03-26,1.142,
03NE002,2017-03-27,1.145,
03NE002,2017-03-28,1.145,
03NE002,2017-03-29,1.146,
03NE002,2017-03-30,1.148,
03NE002,2017-03-31,1.15,
03NE002,2017-04-01,1.152,
03NE002,2017-04-02,1.15,
03NE002,2017-04-03,1.15,
03NE002,2017-04-04,1.153,
03NE002,2017-04-05,1.158,
03NE002,2017-04-06,1.159,
03NE002,2017-04-07,1.169,
03NE002,2017-04-08,1.158,
03NE002,2017-04-09,1.146,
03NE002,2017-04-10,1.212,
03NE002,2017-04-11,1.191,
03NE002,2017-04-12,1.158,
03NE002,2017-04-13,1.178,
03NE002,2017-04-14,1.159,
03NE002,2017-04-15,1.152,
03NE002,2017-04-16,1.147,
03NE002,2017-04-17,1.143,
03NE002,2017-04-18,1.142,
03NE002,2017-04-19,1.1670001,
03NE002,2017-04-20,1.198,
03NE002,2017-04-21,1.1720001,
03NE002,2017-04-22,1.177,
03NE002,2017-04-23,1.2,
03NE002,2017-04-24,1.1849999,
03NE002,2017-04-25,1.158,
03NE002,2017-04-26,1.155,
03NE002,2017-04-27,1.154,
03NE002,2017-04-28,1.158,
03NE002,2017-04-29,1.317,
03NE002,2017-04-30,1.2920001,
03NE002,2017-05-01,1.219,
03NE002,2017-05-02,1.316,
03NE002,2017-05-03,1.322,
03NE002,2017-05-04,1.2079999,
03NE002,2017-05-05,1.199,
03NE002,2017-05-06,1.187,
03NE002,2017-05-07,1.201,
03NE002,2017-05-08,1.3839999,
03NE002,2017-05-09,1.501,
03NE002,2017-05-10,1.64,
03NE002,2017-05-11,1.876,
03NE002,2017-05-12,2.0869999,
03NE002,2017-05-13,2.0150001,
03NE002,2017-05-14,1.755,
03NE002,2017-05-15,1.558,
03NE002,2017-05-16,1.589,
03NE002,2017-05-17,1.745,
03NE002,2017-05-18,1.761,
03NE002,2017-05-19,1.689,
03NE002,2017-05-20,1.626,
03NE002,2017-05-21,1.6160001,
03NE002,2017-05-22,1.615,
03NE002,2017-05-23,1.615,
03NE002,2017-05-24,1.604,
03NE002,2017-05-25,1.597,
03NE002,2017-05-26,1.595,
03NE002,2017-05-27,1.594,
03NE002,2017-05-28,1.5930001,
03NE002,2017-05-29,1.6,
03NE002,2017-05-30,1.614,
03NE002,2017-05-31,1.632,
03NE002,2017-06-01,1.654,
03NE002,2017-06-02,1.631,
03NE002,2017-06-03,1.608,
03NE002,2017-06-04,1.599,
03NE002,2017-06-05,1.5930001,
03NE002,2017-06-06,1.589,
03NE002,2017-06-07,1.582,
03NE002,2017-06-08,1.574,
03NE002,2017-06-09,1.566,
03NE002,2017-06-10,1.558,
03NE002,2017-06-11,1.553,
03NE002,2017-06-12,1.573,
03NE002,2017-06-13,1.577,
03NE002,2017-06-14,1.568,
03NE002,2017-06-15,1.558,
03NE002,2017-06-16,1.546,
03NE002,2017-06-17,1.534,
03NE002,2017-06-18,1.528,
03NE002,2017-06-19,1.523,
03NE002,2017-06-20,1.524,
03NE002,2017-06-21,1.538,
03NE002,2017-06-22,1.546,
03NE002,2017-06-23,1.545,
03NE002,2017-06-24,1.545,
03NE002,2017-06-25,1.552,
03NE002,2017-06-26,1.5470001,
03NE002,2017-06-27,1.54,
03NE002,2017-06-28,1.53,
03NE002,2017-06-29,1.52,
03NE002,2017-06-30,1.5089999,
03NE002,2017-07-01,1.498,
03NE002,2017-07-02,1.489,
03NE002,2017-07-03,1.489,
03NE002,2017-07-04,1.482,
03NE002,2017-07-05,1.472,
03NE002,2017-07-06,1.464,
03NE002,2017-07-07,1.467,
03NE002,2017-07-08,1.466,
03NE002,2017-07-09,1.46,
03NE002,2017-07-10,1.454,
03NE002,2017-07-11,1.449,
03NE002,2017-07-12,1.446,
03NE002,2017-07-13,1.439,
03NE002,2017-07-14,1.433,
03NE002,2017-07-15,1.426,
03NE002,2017-07-16,1.419,
03NE002,2017-07-17,1.413,
03NE002,2017-07-18,1.4069999,
03NE002,2017-07-19,1.402,
03NE002,2017-07-20,1.399,
03NE002,2017-07-21,1.3940001,
03NE002,2017-07-22,1.393,
03NE002,2017-07-23,1.3940001,
03NE002,2017-07-24,1.392,
03NE002,2017-07-25,1.388,
03NE002,2017-07-26,1.383,
03NE002,2017-07-27,1.3789999,
03NE002,2017-07-28,1.377,
03NE002,2017-07-29,1.375,
03NE002,2017-07-30,1.372,
03NE002,2017-07-31,1.369,
03NE002,2017-08-01,1.365,
03NE002,2017-08-02,1.36,A
03NE002,2017-08-03,1.354,
03NE002,2017-08-04,1.352,
03NE002,2017-08-05,1.352,
03NE002,2017-08-06,1.36,
03NE002,2017-08-07,1.386,
03NE002,2017-08-08,1.411,
03NE002,2017-08-09,1.414,
03NE002,2017-08-10,1.416,
03NE002,2017-08-11,1.414,
03NE002,2017-08-12,1.4119999,A
03NE002,2017-08-13,1.4170001,
03NE002,2017-08-14,1.451,
03NE002,2017-08-15,1.467,
03NE002,2017-08-16,1.471,
03NE002,2017-08-17,1.469,A
03NE002,2017-08-18,1.466,
03NE002,2017-08-19,1.462,
03NE002,2017-08-20,1.457,
03NE002,2017-08-21,1.455,
03NE002,2017-08-22,1.451,
03NE002,2017-08-23,1.447,
03NE002,2017-08-24,1.448,
03NE002,2017-08-25,1.444,
03NE002,2017-08-26,1.439,
03NE002,2017-08-27,1.431,
03NE002,2017-08-28,1.424,
03NE002,2017-08-29,1.418,
03NE002,2017-08-30,1.411,
03NE002,2017-08-31,1.408,
03NE002,2017-09-01,1.405,
03NE002,2017-09-02,1.399,
03NE002,2017-09-03,1.393,
03NE002,2017-09-04,1.388,
03NE002,2017-09-05,1.39,
03NE002,2017-09-06,1.39,
03NE002,2017-09-07,1.388,
03NE002,2017-09-08,1.388,
03NE002,2017-09-09,1.3839999,
03NE002,2017-09-10,1.3789999,
03NE002,2017-09-11,1.376,
03NE002,2017-09-12,1.372,
03NE002,2017-09-13,1.368,
03NE002,2017-09-14,1.365,
03NE002,2017-09-15,1.3609999,
03NE002,2017-09-16,1.357,
03NE002,2017-09-17,1.353,
03NE002,2017-09-18,1.35,
03NE002,2017-09-19,1.346,
03NE002,2017-09-20,1.342,
03NE002,2017-09-21,1.34,
03NE002,2017-09-22,1.336,
03NE002,2017-09-23,1.339,
03NE002,2017-09-24,1.337,
03NE002,2017-09-25,1.334,
03NE002,2017-09-26,1.33,
03NE002,2017-09-27,1.326,
03NE002,2017-09-28,1.325,
03NE002,2017-09-29,1.322,
03NE002,2017-09-30,1.318,
03NE002,2017-10-01,1.313,
03NE002,2017-10-02,1.314,
03NE002,2017-10-03,1.313,
03NE002,2017-10-04,1.312,
03NE002,2017-10-05,1.319,
03NE002,2017-10-06,1.319,
03NE002,2017-10-07,1.316,
03NE002,2017-10-08,1.322,
03NE002,2017-10-09,1.336,
03NE002,2017-10-10,1.3430001,
03NE002,2017-10-11,1.344,
03NE002,2017-10-12,1.3430001,
03NE002,2017-10-13,1.3430001,
03NE002,2017-10-14,1.34,
03NE002,2017-10-15,1.337,
03NE002,2017-10-16,1.3380001,
03NE002,2017-10-17,1.335,A
03NE002,2017-10-18,1.334,
03NE002,2017-10-19,1.3329999,
03NE002,2017-10-20,1.3329999,
03NE002,2017-10-21,1.331,
03NE002,2017-10-22,1.329,
03NE002,2017-10-23,1.327,
03NE002,2017-10-24,1.326,
03NE002,2017-10-25,1.325,
03NE002,2017-10-26,1.325,
03NE002,2017-10-27,1.35,
03NE002,2017-10-28,1.3559999,
03NE002,2017-10-29,1.357,
03NE002,2017-10-30,1.357,
03NE002,2017-10-31,1.36,
03NE002,2017-11-01,1.357,A
03NE002,2017-11-02,1.364,A
03NE002,2017-11-03,1.36,
03NE002,2017-11-04,1.363,
03NE002,2017-11-05,1.476,
03NE002,2017-11-06,1.392,
03NE002,2017-11-07,1.4299999,
03NE002,2017-11-08,1.4630001,
03NE002,2017-11-09,1.3609999,
03NE002,2017-11-10,1.353,
03NE002,2017-11-11,1.404,
03NE002,2017-11-12,1.476,
03NE002,2017-11-13,1.536,
03NE002,2017-11-14,1.572,
03NE002,2017-11-15,1.675,A
03NE002,2017-11-16,1.6799999,A
03NE002,2017-11-17,1.489,
03NE002,2017-11-18,1.3839999,
03NE002,2017-11-19,1.373,
03NE002,2017-11-20,1.39,
03NE002,2017-11-21,1.393,
03NE002,2017-11-22,1.4859999,
03NE002,2017-11-23,1.393,
03NE002,2017-11-24,1.429,
03NE002,2017-11-25,1.55,
03NE002,2017-11-26,1.594,
03NE002,2017-11-27,1.6339999,
03NE002,2017-11-28,1.663,A
03NE002,2017-12-04,1.6950001,
03NE002,2017-12-05,1.631,
03NE002,2017-12-06,1.464,
03NE002,2017-12-07,1.364,
03NE002,2017-12-08,1.359,
03NE002,2017-12-09,1.353,
03NE002,2017-12-10,1.346,
03NE002,2017-12-11,1.354,A
03NE002,2017-12-12,1.341,
03NE002,2017-12-13,1.36,A
03NE002,2017-12-14,1.3,
03NE002,2017-12-15,1.301,
03NE002,2017-12-16,1.307,
03NE002,2017-12-17,1.3099999,
03NE002,2017-12-18,1.3150001,
03NE002,2017-12-19,1.324,
03NE002,2017-12-20,1.318,
03NE002,2017-12-21,1.323,
03NE002,2017-12-22,1.325,
03NE002,2017-12-23,1.325,
03NE002,2017-12-24,1.3279999,
03NE002,2017-12-25,1.331,
03NE002,2017-12-26,1.332,
03NE002,2017-12-27,1.324,
03NE002,2017-12-28,1.321,
03NE002,2017-12-29,1.322,
03NE002,2017-12-30,1.324,
03NE002,2017-12-31,1.3279999,
03NE002,2018-01-01,1.33,
03NE002,2018-01-02,1.3329999,
03NE002,2018-01-03,1.336,
03NE002,2018-01-04,1.337,
03NE002,2018-01-05,1.33,
03NE002,2018-01-06,1.313,
03NE002,2018-01-07,1.309,
03NE002,2018-01-08,1.309,
03NE002,2018-01-09,1.311,
03NE002,2018-01-10,1.314,
03NE002,2018-01-11,1.314,
03NE002,2018-01-12,1.317,
03NE002,2018-01-13,1.316,
03NE002,2018-01-14,1.321,
03NE002,2018-01-15,1.323,
03NE002,2018-01-16,1.325,
03NE002,2018-01-17,1.324,
03NE002,2018-01-18,1.326,
03NE002,2018-01-19,1.326,
03NE002,2018-01-20,1.326,
03NE002,2018-01-21,1.327,
03NE002,2018-01-22,1.322,
03NE002,2018-01-23,1.322,
03NE002,2018-01-24,1.318,
03NE002,2018-01-25,1.314,
03NE002,2018-01-26,1.3099999,
03NE002,2018-01-27,1.314,
03NE002,2018-01-28,1.309,
03NE002,2018-01-29,1.3099999,
03NE002,2018-01-30,1.3049999,
03NE002,2018-01-31,1.302,
03NE002,2018-02-01,1.302,
03NE002,2018-02-02,1.295,
03NE002,2018-02-03,1.2920001,
03NE002,2018-02-04,1.286,
03NE002,2018-02-05,1.285,
03NE002,2018-02-06,1.281,
03NE002,2018-02-07,1.273,
03NE002,2018-02-08,1.267,
03NE002,2018-02-09,1.261,
03NE002,2018-02-10,1.255,
03NE002,2018-02-11,1.25,
03NE002,2018-02-12,1.244,
03NE002,2018-02-13,1.24,
03NE002,2018-02-14,1.238,
03NE002,2018-02-15,1.232,
03NE002,2018-02-16,1.227,
03NE002,2018-02-17,1.222,
03NE002,2018-02-18,1.216,
03NE002,2018-02-19,1.21,
03NE002,2018-02-20,1.2,
03NE002,2018-02-21,1.191,
03NE002,2018-02-22,1.186,
03NE002,2018-02-23,1.1799999,
03NE002,2018-02-24,1.174,
03NE002,2018-02-25,1.1670001,
03NE002,2018-02-26,1.1619999,
03NE002,2018-02-27,1.159,
03NE002,2018-02-28,1.155,
03NE002,2018-03-01,1.155,
03NE002,2018-03-02,1.155,
03NE002,2018-03-03,1.155,
03NE002,2018-03-04,1.155,
03NE002,2018-03-05,1.156,
03NE002,2018-03-06,1.1569999,
03NE002,2018-03-07,1.1569999,
03NE002,2018-03-08,1.155,
03NE002,2018-03-09,1.155,
03NE002,2018-03-10,1.153,
03NE002,2018-03-11,1.154,
03NE002,2018-03-12,1.154,
03NE002,2018-03-13,1.155,
03NE002,2018-03-14,1.154,
03NE002,2018-03-15,1.155,
03NE002,2018-03-16,1.156,
03NE002,2018-03-17,1.155,
03NE002,2018-03-18,1.155,
03NE002,2018-03-19,1.1569999,
03NE002,2018-03-20,1.158,
03NE002,2018-03-21,1.158,
03NE002,2018-03-22,1.16,
03NE002,2018-03-23,1.16,
03NE002,2018-03-24,1.16,
03NE002,2018-03-25,1.16,
03NE002,2018-03-26,1.1619999,
03NE002,2018-03-27,1.165,
03NE002,2018-03-28,1.168,
03NE002,2018-03-29,1.174,
03NE002,2018-03-30,1.173,
03NE002,2018-03-31,1.169,
03NE002,2018-04-01,1.165,
03NE002,2018-04-02,1.165,
03NE002,2018-04-03,1.165,
03NE002,2018-04-04,1.163,
03NE002,2018-04-05,1.1619999,
03NE002,2018-04-06,1.164,
03NE002,2018-04-07,1.1619999,
03NE002,2018-04-08,1.1619999,
03NE002,2018-04-09,1.1619999,
03NE002,2018-04-10,1.1619999,
03NE002,2018-04-11,1.161,
03NE002,2018-04-12,1.1619999,
03NE002,2018-04-13,1.163,
03NE002,2018-04-14,1.1619999,
03NE002,2018-04-15,1.163,
03NE002,2018-04-16,1.164,
03NE002,2018-04-17,1.1720001,
03NE002,2018-04-18,1.171,
03NE002,2018-04-19,1.168,
03NE002,2018-04-20,1.169,
03NE002,2018-04-21,1.175,
03NE002,2018-04-22,1.175,
03NE002,2018-04-23,1.1799999,
03NE002,2018-04-24,1.1849999,
03NE002,2018-04-25,1.196,
03NE002,2018-04-26,1.2029999,
03NE002,2018-04-27,1.2640001,
03NE002,2018-04-28,1.27,
03NE002,2018-04-29,1.249,
03NE002,2018-04-30,1.258,
03NE002,2018-05-01,1.273,
03NE002,2018-05-02,1.286,
03NE002,2018-05-03,1.301,
03NE002,2018-05-04,1.312,
03NE002,2018-05-05,1.329,
03NE002,2018-05-06,1.3380001,
03NE002,2018-05-07,1.341,
03NE002,2018-05-08,1.3430001,
03NE002,2018-05-09,1.346,
03NE002,2018-05-10,1.35,
03NE002,2018-05-11,1.363,
03NE002,2018-05-12,1.369,
03NE002,2018-05-13,1.365,
03NE002,2018-05-14,1.363,
03NE002,2018-05-15,1.3660001,
03NE002,2018-05-16,1.37,
03NE002,2018-05-17,1.373,
03NE002,2018-05-18,1.3890001,A
03NE002,2018-05-19,1.469,A
03NE002,2018-05-20,1.403,
03NE002,2018-05-21,1.4579999,
03NE002,2018-05-22,2.0050001,
03NE002,2018-05-23,2.3540001,
03NE002,2018-05-24,2.227,
03NE002,2018-05-25,1.903,
03NE002,2018-05-26,1.589,
03NE002,2018-05-27,1.427,
03NE002,2018-05-28,1.423,
03NE002,2018-05-29,1.4299999,
03NE002,2018-05-30,1.437,
03NE002,2018-05-31,1.4529999,
03NE002,2018-06-01,1.484,
03NE002,2018-06-02,1.5140001,
03NE002,2018-06-03,1.533,
03NE002,2018-06-04,1.544,
03NE002,2018-06-05,1.552,
03NE002,2018-06-06,1.556,
03NE002,2018-06-07,1.556,
03NE002,2018-06-08,1.566,
03NE002,2018-06-09,1.582,
03NE002,2018-06-10,1.584,
03NE002,2018-06-11,1.579,
03NE002,2018-06-12,1.581,
03NE002,2018-06-13,1.581,
03NE002,2018-06-14,1.584,
03NE002,2018-06-15,1.592,
03NE002,2018-06-16,1.596,
03NE002,2018-06-17,1.594,
03NE002,2018-06-18,1.607,
03NE002,2018-06-19,1.632,
03NE002,2018-06-20,1.6339999,
03NE002,2018-06-21,1.622,
03NE002,2018-06-22,1.608,
03NE002,2018-06-23,1.597,
03NE002,2018-06-24,1.59,
03NE002,2018-06-25,1.5779999,
03NE002,2018-06-26,1.567,
03NE002,2018-06-27,1.559,
03NE002,2018-06-28,1.552,
03NE002,2018-06-29,1.544,
03NE002,2018-06-30,1.534,
03NE002,2018-07-01,1.527,
03NE002,2018-07-02,1.523,
03NE002,2018-07-03,1.525,
03NE002,2018-07-04,1.523,
03NE002,2018-07-05,1.5190001,
03NE002,2018-07-06,1.515,
03NE002,2018-07-07,1.51,
03NE002,2018-07-08,1.503,
03NE002,2018-07-09,1.505,
03NE002,2018-07-10,1.5,
03NE002,2018-07-11,1.498,
03NE002,2018-07-12,1.492,
03NE002,2018-07-13,1.485,
03NE002,2018-07-14,1.476,
03NE002,2018-07-15,1.4680001,
03NE002,2018-07-16,1.4630001,
03NE002,2018-07-17,1.456,
03NE002,2018-07-18,1.451,
03NE002,2018-07-19,1.444,
03NE002,2018-07-20,1.437,
03NE002,2018-07-21,1.4299999,
03NE002,2018-07-22,1.424,
03NE002,2018-07-23,1.4170001,
03NE002,2018-07-24,1.411,
03NE002,2018-07-25,1.405,
03NE002,2018-07-26,1.403,
03NE002,2018-07-27,1.399,
03NE002,2018-07-28,1.3940001,
03NE002,2018-07-29,1.393,
03NE002,2018-07-30,1.392,
03NE002,2018-07-31,1.392,
03NE002,2018-08-01,1.395,
03NE002,2018-08-02,1.392,
03NE002,2018-08-03,1.3890001,
03NE002,2018-08-04,1.3839999,
03NE002,2018-08-05,1.381,
03NE002,2018-08-06,1.376,
03NE002,2018-08-07,1.37,
03NE002,2018-08-08,1.368,
03NE002,2018-08-09,1.364,
03NE002,2018-08-10,1.36,
03NE002,2018-08-11,1.3559999,
03NE002,2018-08-12,1.352,
03NE002,2018-08-13,1.345,
03NE002,2018-08-14,1.3430001,
03NE002,2018-08-15,1.347,
03NE002,2018-08-16,1.345,
03NE002,2018-08-17,1.339,
03NE002,2018-08-18,1.332,
03NE002,2018-08-19,1.332,
03NE002,2018-08-20,1.326,
03NE002,2018-08-21,1.323,
03NE002,2018-08-22,1.33,
03NE002,2018-08-23,1.347,
03NE002,2018-08-24,1.344,
03NE002,2018-08-25,1.34,
03NE002,2018-08-26,1.3380001,
03NE002,2018-08-27,1.3380001,
03NE002,2018-08-28,1.337,
03NE002,2018-08-29,1.334,
03NE002,2018-08-30,1.331,
03NE002,2018-08-31,1.3279999,
03NE002,2018-09-01,1.323,
03NE002,2018-09-02,1.317,
03NE002,2018-09-03,1.325,
03NE002,2018-09-04,1.3660001,
03NE002,2018-09-05,1.364,
03NE002,2018-09-06,1.372,
03NE002,2018-09-07,1.374,
03NE002,2018-09-08,1.375,
03NE002,2018-09-09,1.372,
03NE002,2018-09-10,1.37,
03NE002,2018-09-11,1.369,
03NE002,2018-09-12,1.367,
03NE002,2018-09-13,1.365,
03NE002,2018-09-14,1.374,
03NE002,2018-09-15,1.395,
03NE002,2018-09-16,1.3940001,
03NE002,2018-09-17,1.3940001,
03NE002,2018-09-18,1.3940001,
03NE002,2018-09-19,1.391,
03NE002,2018-09-20,1.3890001,
03NE002,2018-09-21,1.386,
03NE002,2018-09-22,1.425,
03NE002,2018-09-23,1.441,
03NE002,2018-09-24,1.443,
03NE002,2018-09-25,1.444,
03NE002,2018-09-26,1.4450001,
03NE002,2018-09-27,1.442,
03NE002,2018-09-28,1.443,
03NE002,2018-09-29,1.439,
03NE002,2018-09-30,1.434,
03NE002,2018-10-01,1.4299999,
03NE002,2018-10-02,1.425,A
03NE002,2018-10-03,1.421,
03NE002,2018-10-04,1.424,
03NE002,2018-10-05,1.421,
03NE002,2018-10-06,1.419,
03NE002,2018-10-07,1.418,
03NE002,2018-10-08,1.413,A
03NE002,2018-10-09,1.411,
03NE002,2018-10-10,1.405,A
03NE002,2018-10-11,1.401,
03NE002,2018-10-12,1.398,
03NE002,2018-10-13,1.3940001,
03NE002,2018-10-14,1.39,A
03NE002,2018-10-15,1.386,
03NE002,2018-10-16,1.382,
03NE002,2018-10-17,1.3789999,
03NE002,2018-10-18,1.376,
03NE002,2018-10-19,1.373,A
03NE002,2018-10-20,1.373,
03NE002,2018-10-21,1.373,
03NE002,2018-10-22,1.373,
03NE002,2018-10-23,1.37,
03NE002,2018-10-24,1.368,
03NE002,2018-10-25,1.367,
03NE002,2018-10-26,1.368,
03NE002,2018-10-27,1.437,
03NE002,2018-10-28,1.459,A
03NE002,2018-10-29,1.369,
03NE002,2018-10-30,1.3660001,
03NE002,2018-10-31,1.365,
03NE002,2018-11-01,1.364,
03NE002,2018-11-02,1.364,
03NE002,2018-11-03,1.362,
03NE002,2018-11-04,1.3609999,
03NE002,2018-11-05,1.388,
03NE002,2018-11-06,1.425,A
03NE002,2018-11-07,1.36,
03NE002,2018-11-08,1.3609999,
03NE002,2018-11-09,1.3789999,
03NE002,2018-11-10,1.391,A
03NE002,2018-11-11,1.387,
03NE002,2018-11-12,1.387,
03NE002,2018-11-13,1.359,
03NE002,2018-11-14,1.358,
03NE002,2018-11-15,1.472,
03NE002,2018-11-16,1.607,
03NE002,2018-11-17,1.966,A
03NE002,2018-11-18,1.819,
03NE002,2018-11-19,1.799,
03NE002,2018-11-20,1.717,
03NE002,2018-11-21,1.649,
03NE002,2018-11-22,1.5700001,
03NE002,2018-11-23,1.505,
03NE002,2018-11-24,1.467,
03NE002,2018-11-25,1.4400001,
03NE002,2018-11-26,1.392,
03NE002,2018-11-27,1.345,
03NE002,2018-11-28,1.331,
03NE002,2018-11-29,1.329,
03NE002,2018-11-30,1.323,
03NE002,2018-12-01,1.3200001,
03NE002,2018-12-02,1.314,
03NE002,2018-12-03,1.3099999,
03NE002,2018-12-04,1.312,
03NE002,2018-12-05,1.308,
03NE002,2018-12-06,1.303,
03NE002,2018-12-07,1.301,
03NE002,2018-12-08,1.301,
03NE002,2018-12-09,1.301,
03NE002,2018-12-10,1.3,
03NE002,2018-12-11,1.2920001,
03NE002,2018-12-12,1.281,
03NE002,2018-12-13,1.27,
03NE002,2018-12-14,1.27,
03NE002,2018-12-15,1.274,
03NE002,2018-12-16,1.275,
03NE002,2018-12-17,1.274,
03NE002,2018-12-18,1.277,
03NE002,2018-12-19,1.276,
03NE002,2018-12-20,1.272,
03NE002,2018-12-21,1.2690001,
03NE002,2018-12-22,1.273,
03NE002,2018-12-23,1.276,
03NE002,2018-12-24,1.274,
03NE002,2018-12-25,1.273,
03NE002,2018-12-26,1.265,A
03NE002,2018-12-27,1.27,A
03NE002,2018-12-28,1.2640001,
03NE002,2018-12-29,1.263,
03NE002,2018-12-30,1.262,
03NE002,2018-12-31,1.258,
03NE002,2019-01-01,1.257,
03NE002,2019-01-02,1.252,
03NE002,2019-01-03,1.2460001,
03NE002,2019-01-04,1.243,
03NE002,2019-01-05,1.242,
03NE002,2019-01-06,1.242,
03NE002,2019-01-07,1.24,A
03NE002,2019-01-08,1.235,
03NE002,2019-01-09,1.2309999,
03NE002,2019-01-10,1.227,
03NE002,2019-01-11,1.229,
03NE002,2019-01-12,1.232,
03NE002,2019-01-13,1.2309999,
03NE002,2019-01-14,1.2309999,
03NE002,2019-01-15,1.23,
03NE002,2019-01-16,1.228,
03NE002,2019-01-17,1.226,
03NE002,2019-01-18,1.22,
03NE002,2019-01-19,1.215,
03NE002,2019-01-20,1.209,
03NE002,2019-01-21,1.21,
03NE002,2019-01-22,1.21,
03NE002,2019-01-23,1.2029999,
03NE002,2019-01-24,1.194,A
03NE002,2019-01-25,1.191,
03NE002,2019-01-26,1.187,
03NE002,2019-01-27,1.181,
03NE002,2019-01-28,1.181,
03NE002,2019-01-29,1.181,
03NE002,2019-01-30,1.179,
03NE002,2019-01-31,1.179,
03NE002,2019-02-01,1.174,
03NE002,2019-02-02,1.174,
03NE002,2019-02-03,1.174,
03NE002,2019-02-04,1.175,
03NE002,2019-02-05,1.174,
03NE002,2019-02-06,1.173,
03NE002,2019-02-07,1.174,
03NE002,2019-02-08,1.1720001,
03NE002,2019-02-09,1.175,
03NE002,2019-02-10,1.173,
03NE002,2019-02-11,1.176,
03NE002,2019-02-12,1.176,
03NE002,2019-02-13,1.179,
03NE002,2019-02-14,1.181,
03NE002,2019-02-15,1.183,
03NE002,2019-02-16,1.1849999,
03NE002,2019-02-17,1.1849999,
03NE002,2019-02-18,1.184,
03NE002,2019-02-19,1.181,
03NE002,2019-02-20,1.182,
03NE002,2019-02-21,1.183,
03NE002,2019-02-22,1.182,
03NE002,2019-02-23,1.181,
03NE002,2019-02-24,1.1799999,
03NE002,2019-02-25,1.177,
03NE002,2019-02-26,1.178,
03NE002,2019-02-27,1.177,
03NE002,2019-02-28,1.176,
03NE002,2019-03-01,1.176,
03NE002,2019-03-02,1.176,
03NE002,2019-03-03,1.177,
03NE002,2019-03-04,1.178,
03NE002,2019-03-05,1.178,
03NE002,2019-03-06,1.178,
03NE002,2019-03-07,1.178,
03NE002,2019-03-08,1.179,
03NE002,2019-03-09,1.182,
03NE002,2019-03-10,1.184,
03NE002,2019-03-11,1.187,
03NE002,2019-03-12,1.189,
03NE002,2019-03-13,1.1900001,
03NE002,2019-03-14,1.189,
03NE002,2019-03-15,1.188,
03NE002,2019-03-16,1.191,
03NE002,2019-03-17,1.1900001,
03NE002,2019-03-18,1.188,
03NE002,2019-03-19,1.187,
03NE002,2019-03-20,1.189,
03NE002,2019-03-21,1.1900001,
03NE002,2019-03-22,1.193,
03NE002,2019-03-23,1.191,
03NE002,2019-03-24,1.1950001,
03NE002,2019-03-25,1.194,A
03NE002,2019-03-26,1.191,A
03NE002,2019-03-27,1.1900001,A
03NE002,2019-03-28,1.191,A
03NE002,2019-03-29,1.189,A
03NE002,2019-03-30,1.184,A
03NE002,2019-03-31,1.187,A
03NE002,2019-04-01,1.184,A
03NE002,2019-04-02,1.183,
03NE002,2019-04-03,1.184,
03NE002,2019-04-04,1.186,
03NE002,2019-04-05,1.188,
03NE002,2019-04-06,1.192,
03NE002,2019-04-07,1.1950001,
03NE002,2019-04-08,1.197,
03NE002,2019-04-09,1.199,
03NE002,2019-04-10,1.199,
03NE002,2019-04-11,1.2,
03NE002,2019-04-12,1.201,
03NE002,2019-04-13,1.201,
03NE002,2019-04-14,1.206,A
03NE002,2019-04-15,1.215,
03NE002,2019-04-16,1.211,
03NE002,2019-04-17,1.22,A
03NE002,2019-04-18,1.227,A
03NE002,2019-04-19,1.223,
03NE002,2019-04-20,1.224,
03NE002,2019-04-21,1.24,
03NE002,2019-04-22,1.244,A
03NE002,2019-04-23,1.2410001,A
03NE002,2019-04-24,1.242,A
03NE002,2019-04-25,1.248,A
03NE002,2019-04-26,1.263,
03NE002,2019-04-27,1.286,
03NE002,2019-04-28,1.303,
03NE002,2019-04-29,1.3049999,
03NE002,2019-04-30,1.293,
03NE002,2019-05-01,1.2920001,
03NE002,2019-05-02,1.309,
03NE002,2019-05-03,1.332,A
03NE002,2019-05-04,1.341,A
03NE002,2019-05-05,1.347,
03NE002,2019-05-06,1.358,
03NE002,2019-05-07,1.382,
03NE002,2019-05-08,1.414,
03NE002,2019-05-09,1.4809999,A
03NE002,2019-05-11,1.533,A
03NE002,2019-05-12,1.531,
03NE002,2019-05-13,1.534,
03NE002,2019-05-14,1.548,A
03NE002,2019-05-15,1.571,
03NE002,2019-05-16,1.614,
03NE002,2019-05-17,1.652,
03NE002,2019-05-18,1.65,
03NE002,2019-05-19,1.645,
03NE002,2019-05-20,1.636,
03NE002,2019-05-21,1.625,
03NE002,2019-05-22,1.619,
03NE002,2019-05-23,1.613,A
03NE002,2019-05-24,1.618,
03NE002,2019-05-25,1.624,
03NE002,2019-05-26,1.618,
03NE002,2019-05-27,1.612,
03NE002,2019-05-28,1.605,
03NE002,2019-05-29,1.594,
03NE002,2019-05-30,1.584,
03NE002,2019-05-31,1.576,
03NE002,2019-06-01,1.5700001,
03NE002,2019-06-02,1.563,
03NE002,2019-06-03,1.556,
03NE002,2019-06-04,1.566,
03NE002,2019-06-05,1.586,
03NE002,2019-06-06,1.591,
03NE002,2019-06-07,1.597,
03NE002,2019-06-08,1.592,
03NE002,2019-06-09,1.5880001,
03NE002,2019-06-10,1.582,
03NE002,2019-06-11,1.574,
03NE002,2019-06-12,1.566,
03NE002,2019-06-13,1.554,
03NE002,2019-06-14,1.543,
03NE002,2019-06-15,1.534,
03NE002,2019-06-16,1.525,
03NE002,2019-06-17,1.517,
03NE002,2019-06-18,1.51,
03NE002,2019-06-19,1.502,
03NE002,2019-06-20,1.4960001,
03NE002,2019-06-21,1.49,
03NE002,2019-06-22,1.4859999,
03NE002,2019-06-23,1.4809999,
03NE002,2019-06-24,1.48,
03NE002,2019-06-25,1.478,
03NE002,2019-06-26,1.474,
03NE002,2019-06-27,1.47,
03NE002,2019-06-28,1.464,
03NE002,2019-06-29,1.46,
03NE002,2019-06-30,1.455,
03NE002,2019-07-01,1.45,
03NE002,2019-07-02,1.4450001,
03NE002,2019-07-03,1.4400001,
03NE002,2019-07-04,1.433,
03NE002,2019-07-05,1.428,
03NE002,2019-07-06,1.431,
03NE002,2019-07-07,1.4349999,
03NE002,2019-07-08,1.438,
03NE002,2019-07-09,1.436,
03NE002,2019-07-10,1.4349999,
03NE002,2019-07-11,1.433,
03NE002,2019-07-12,1.428,
03NE002,2019-07-13,1.428,
03NE002,2019-07-14,1.4299999,
03NE002,2019-07-15,1.428,
03NE002,2019-07-16,1.425,
03NE002,2019-07-17,1.4220001,
03NE002,2019-07-18,1.428,
03NE002,2019-07-19,1.436,
03NE002,2019-07-20,1.436,
03NE002,2019-07-21,1.434,
03NE002,2019-07-22,1.434,
03NE002,2019-07-23,1.4349999,
03NE002,2019-07-24,1.438,
03NE002,2019-07-25,1.436,
03NE002,2019-07-26,1.434,
03NE002,2019-07-27,1.4299999,
03NE002,2019-07-28,1.4299999,
03NE002,2019-07-29,1.449,
03NE002,2019-07-30,1.452,
03NE002,2019-07-31,1.452,
03NE002,2019-08-01,1.451,
03NE002,2019-08-02,1.454,
03NE002,2019-08-03,1.4529999,
03NE002,2019-08-04,1.451,
03NE002,2019-08-05,1.449,
03NE002,2019-08-06,1.447,
03NE002,2019-08-07,1.451,
03NE002,2019-08-08,1.4579999,
03NE002,2019-08-09,1.461,
03NE002,2019-08-10,1.466,
03NE002,2019-08-11,1.466,
03NE002,2019-08-12,1.467,
03NE002,2019-08-13,1.464,
03NE002,2019-08-14,1.46,
03NE002,2019-08-15,1.456,
03NE002,2019-08-16,1.451,
03NE002,2019-08-17,1.447,
03NE002,2019-08-18,1.444,
03NE002,2019-08-19,1.441,
03NE002,2019-08-20,1.4579999,
03NE002,2019-08-21,1.477,
03NE002,2019-08-22,1.48,
03NE002,2019-08-23,1.48,A
03NE002,2019-08-24,1.475,A
03NE002,2019-08-25,1.47,
03NE002,2019-08-26,1.464,
03NE002,2019-08-27,1.457,
03NE002,2019-08-28,1.451,
03NE002,2019-08-29,1.4450001,
03NE002,2019-08-30,1.438,
03NE002,2019-08-31,1.4299999,
03NE002,2019-09-01,1.421,
03NE002,2019-09-02,1.418,
03NE002,2019-09-03,1.4119999,
03NE002,2019-09-04,1.4069999,
03NE002,2019-09-05,1.415,
03NE002,2019-09-06,1.423,
03NE002,2019-09-07,1.421,
03NE002,2019-09-08,1.419,
03NE002,2019-09-09,1.415,
03NE002,2019-09-10,1.411,
03NE002,2019-09-11,1.4069999,A
03NE002,2019-09-12,1.402,
03NE002,2019-09-13,1.397,
03NE002,2019-09-14,1.393,
03NE002,2019-09-15,1.391,
03NE002,2019-09-16,1.392,
03NE002,2019-09-17,1.391,
03NE002,2019-09-18,1.387,
03NE002,2019-09-19,1.383,
03NE002,2019-09-20,1.3789999,
03NE002,2019-09-21,1.376,
03NE002,2019-09-22,1.378,
03NE002,2019-09-23,1.3789999,
03NE002,2019-09-24,1.377,
03NE002,2019-09-25,1.375,
03NE002,2019-09-26,1.373,
03NE002,2019-09-27,1.378,
03NE002,2019-09-28,1.383,
03NE002,2019-09-29,1.3839999,
03NE002,2019-09-30,1.382,A
03NE002,2019-10-01,1.38,
03NE002,2019-10-02,1.378,A
03NE002,2019-10-03,1.374,
03NE002,2019-10-04,1.372,
03NE002,2019-10-05,1.367,
03NE002,2019-10-06,1.3660001,
03NE002,2019-10-07,1.363,
03NE002,2019-10-08,1.358,
03NE002,2019-10-09,1.357,
03NE002,2019-10-10,1.3559999,
03NE002,2019-10-11,1.353,
03NE002,2019-10-12,1.351,
03NE002,2019-10-13,1.35,
03NE002,2019-10-14,1.348,
03NE002,2019-10-15,1.346,
03NE002,2019-10-16,1.346,
03NE002,2019-10-17,1.344,
03NE002,2019-10-18,1.3559999,
03NE002,2019-10-19,1.411,
03NE002,2019-10-20,1.424,
03NE002,2019-10-21,1.427,
03NE002,2019-10-22,1.427,
03NE002,2019-10-23,1.425,
03NE002,2019-10-24,1.425,
03NE002,2019-10-25,1.423,
03NE002,2019-10-26,1.421,
03NE002,2019-10-27,1.418,A
03NE002,2019-10-28,1.415,A
03NE002,2019-10-29,1.4119999,
03NE002,2019-10-30,1.4069999,
03NE002,2019-10-31,1.404,
03NE002,2019-11-01,1.402,
03NE002,2019-11-02,1.398,
03NE002,2019-11-03,1.3940001,
03NE002,2019-11-04,1.39,
03NE002,2019-11-05,1.386,
03NE002,2019-11-06,1.3839999,
03NE002,2019-11-07,1.382,
03NE002,2019-11-08,1.3789999,
03NE002,2019-11-09,1.388,
03NE002,2019-11-10,1.5779999,A
03NE002,2019-11-11,1.684,A
03NE002,2019-11-12,1.7539999,
03NE002,2019-11-13,1.79,
03NE002,2019-11-14,1.799,
03NE002,2019-11-15,1.813,
03NE002,2019-11-16,1.399,
03NE002,2019-11-17,1.419,
03NE002,2019-11-18,1.357,
03NE002,2019-11-19,1.347,
03NE002,2019-11-20,1.341,
03NE002,2019-11-21,1.3380001,
03NE002,2019-11-22,1.334,
03NE002,2019-11-23,1.337,
03NE002,2019-11-24,1.337,
03NE002,2019-11-25,1.336,
03NE002,2019-11-26,1.34,
03NE002,2019-11-27,1.346,
03NE002,2019-11-28,1.349,
03NE002,2019-11-29,1.35,
03NE002,2019-11-30,1.3559999,
03NE002,2019-12-01,1.548,
03NE002,2019-12-02,1.595,
03NE002,2019-12-03,1.602,
03NE002,2019-12-04,1.619,
03NE002,2019-12-05,1.427,
03NE002,2019-12-06,1.3430001,
03NE002,2019-12-07,1.3430001,
03NE002,2019-12-08,1.456,
03NE002,2019-12-09,1.545,
03NE002,2019-12-10,1.437,
03NE002,2019-12-11,1.3200001,
03NE002,2019-12-12,1.247,
03NE002,2019-12-13,1.2539999,
03NE002,2019-12-14,1.268,
03NE002,2019-12-15,1.272,
03NE002,2019-12-16,1.274,
03NE002,2019-12-17,1.276,
03NE002,2019-12-18,1.277,
03NE002,2019-12-19,1.28,
03NE002,2019-12-20,1.281,
03NE002,2019-12-21,1.283,
03NE002,2019-12-22,1.284,
03NE002,2019-12-23,1.2869999,
03NE002,2019-12-24,1.291,
03NE002,2019-12-25,1.298,
03NE002,2019-12-26,1.301,
03NE002,2019-12-27,1.304,
03NE002,2019-12-28,1.308,
03NE002,2019-12-29,1.314,
03NE002,2019-12-30,1.316,
03NE002,2019-12-31,1.319,